{"id":"cache_hit_1782469913697","timestamp":"2026-06-26T10:31:53.697Z","type":"CACHE_HIT","operation":"posts:list:admission:10:0:{}","source":"cache","duration":2298,"data":{"count":10,"type":"admission","limit":10,"offset":0}}
{"id":"cache_hit_1782469919720","timestamp":"2026-06-26T10:31:59.720Z","type":"CACHE_HIT","operation":"posts:list:admission:10:0:{}","source":"cache","duration":52,"data":{"count":10,"type":"admission","limit":10,"offset":0}}
{"id":"cache_hit_1782469919723","timestamp":"2026-06-26T10:31:59.723Z","type":"CACHE_HIT","operation":"posts:list:result:10:0:{}","source":"cache","duration":50,"data":{"count":10,"type":"result","limit":10,"offset":0}}
{"id":"cache_hit_1782469919726","timestamp":"2026-06-26T10:31:59.726Z","type":"CACHE_HIT","operation":"posts:list:news:10:0:{}","source":"cache","duration":42,"data":{"count":10,"type":"news","limit":10,"offset":0}}
{"id":"cache_hit_1782469919730","timestamp":"2026-06-26T10:31:59.730Z","type":"CACHE_HIT","operation":"posts:list:date_sheet:10:0:{}","source":"cache","duration":35,"data":{"count":10,"type":"date_sheet","limit":10,"offset":0}}
{"id":"cache_hit_1782469919732","timestamp":"2026-06-26T10:31:59.732Z","type":"CACHE_HIT","operation":"posts:list:scholarship:10:0:{}","source":"cache","duration":29,"data":{"count":10,"type":"scholarship","limit":10,"offset":0}}
{"id":"cache_hit_1782469919734","timestamp":"2026-06-26T10:31:59.734Z","type":"CACHE_HIT","operation":"posts:list:job:10:0:{}","source":"cache","duration":25,"data":{"count":6,"type":"job","limit":10,"offset":0}}
{"id":"cache_hit_1782469919736","timestamp":"2026-06-26T10:31:59.736Z","type":"CACHE_HIT","operation":"posts:list:blog:10:0:{}","source":"cache","duration":22,"data":{"count":0,"type":"blog","limit":10,"offset":0}}
{"id":"cache_hit_1782469919814","timestamp":"2026-06-26T10:31:59.814Z","type":"CACHE_HIT","operation":"posts:detail:ku-admission-2026","source":"cache","duration":15,"data":{"slug":"ku-admission-2026"}}
{"id":"cache_hit_1782469925480","timestamp":"2026-06-26T10:32:05.480Z","type":"CACHE_HIT","operation":"posts:list:admission:10:0:{}","source":"cache","duration":2699,"data":{"count":10,"type":"admission","limit":10,"offset":0}}
{"id":"cache_hit_1782469938101","timestamp":"2026-06-26T10:32:18.101Z","type":"CACHE_HIT","operation":"posts:list:admission:10:0:{}","source":"cache","duration":3744,"data":{"count":10,"type":"admission","limit":10,"offset":0}}
{"id":"cache_hit_1782469943563","timestamp":"2026-06-26T10:32:23.563Z","type":"CACHE_HIT","operation":"posts:list:admission:10:0:{}","source":"cache","duration":59,"data":{"count":10,"type":"admission","limit":10,"offset":0}}
{"id":"cache_hit_1782469943568","timestamp":"2026-06-26T10:32:23.568Z","type":"CACHE_HIT","operation":"posts:list:result:10:0:{}","source":"cache","duration":45,"data":{"count":10,"type":"result","limit":10,"offset":0}}
{"id":"cache_hit_1782469943577","timestamp":"2026-06-26T10:32:23.577Z","type":"CACHE_HIT","operation":"posts:list:news:10:0:{}","source":"cache","duration":48,"data":{"count":10,"type":"news","limit":10,"offset":0}}
{"id":"cache_hit_1782469943579","timestamp":"2026-06-26T10:32:23.579Z","type":"CACHE_HIT","operation":"posts:list:date_sheet:10:0:{}","source":"cache","duration":45,"data":{"count":10,"type":"date_sheet","limit":10,"offset":0}}
{"id":"cache_hit_1782469943581","timestamp":"2026-06-26T10:32:23.581Z","type":"CACHE_HIT","operation":"posts:list:scholarship:10:0:{}","source":"cache","duration":42,"data":{"count":10,"type":"scholarship","limit":10,"offset":0}}
{"id":"cache_hit_1782469943583","timestamp":"2026-06-26T10:32:23.583Z","type":"CACHE_HIT","operation":"posts:list:job:10:0:{}","source":"cache","duration":39,"data":{"count":6,"type":"job","limit":10,"offset":0}}
{"id":"cache_hit_1782469943585","timestamp":"2026-06-26T10:32:23.585Z","type":"CACHE_HIT","operation":"posts:list:blog:10:0:{}","source":"cache","duration":32,"data":{"count":0,"type":"blog","limit":10,"offset":0}}
{"id":"cache_hit_1782469943655","timestamp":"2026-06-26T10:32:23.655Z","type":"CACHE_HIT","operation":"posts:detail:ku-admission-2026","source":"cache","duration":17,"data":{"slug":"ku-admission-2026"}}
{"id":"cache_hit_1782469952486","timestamp":"2026-06-26T10:32:32.486Z","type":"CACHE_HIT","operation":"posts:list:admission:10:0:{}","source":"cache","duration":6066,"data":{"count":10,"type":"admission","limit":10,"offset":0}}
{"id":"cache_miss_1782470172416","timestamp":"2026-06-26T10:36:12.416Z","type":"CACHE_MISS","operation":"posts:list:date_sheet:1000:0:{}","source":"database","duration":0,"data":{"type":"date_sheet","limit":1000,"offset":0}}
{"id":"db_1782470174226","timestamp":"2026-06-26T10:36:14.226Z","type":"DATABASE_QUERY","operation":"getList_date_sheet_limit1000_offset0","source":"database","duration":3477,"dataSize":5051,"data":{"count":10,"type":"date_sheet","limit":1000,"offset":0}}
{"id":"cache_save_1782470174231","timestamp":"2026-06-26T10:36:14.231Z","type":"CACHE_SAVE","operation":"posts:list:date_sheet:1000:0:{}","source":"cache","duration":3482,"data":{"count":10,"ttl":"86400s"}}
{"id":"cache_hit_1782470201437","timestamp":"2026-06-26T10:36:41.437Z","type":"CACHE_HIT","operation":"posts:list:date_sheet:10:0:{}","source":"cache","duration":2672,"data":{"count":10,"type":"date_sheet","limit":10,"offset":0}}
{"id":"cache_miss_1782470204228","timestamp":"2026-06-26T10:36:44.228Z","type":"CACHE_MISS","operation":"posts:detail:inter-annual-exam-2026-bise-karachi","source":"database","duration":0,"data":{"slug":"inter-annual-exam-2026-bise-karachi"}}
{"id":"db_1782470205791","timestamp":"2026-06-26T10:36:45.791Z","type":"DATABASE_QUERY","operation":"getDetail_inter-annual-exam-2026-bise-karachi","source":"database","duration":3895,"dataSize":1033,"data":{"found":true,"slug":"inter-annual-exam-2026-bise-karachi"}}
{"id":"cache_save_1782470205793","timestamp":"2026-06-26T10:36:45.793Z","type":"CACHE_SAVE","operation":"posts:detail:inter-annual-exam-2026-bise-karachi","source":"cache","duration":3897,"data":{"found":true,"ttl":"86400s"}}
{"id":"cache_hit_1782470220047","timestamp":"2026-06-26T10:37:00.047Z","type":"CACHE_HIT","operation":"posts:list:date_sheet:10:0:{}","source":"cache","duration":2877,"data":{"count":10,"type":"date_sheet","limit":10,"offset":0}}
{"id":"cache_hit_1782470238237","timestamp":"2026-06-26T10:37:18.237Z","type":"CACHE_HIT","operation":"posts:list:admission:10:0:{}","source":"cache","duration":58,"data":{"count":10,"type":"admission","limit":10,"offset":0}}
{"id":"cache_hit_1782470238239","timestamp":"2026-06-26T10:37:18.239Z","type":"CACHE_HIT","operation":"posts:list:result:10:0:{}","source":"cache","duration":53,"data":{"count":10,"type":"result","limit":10,"offset":0}}
{"id":"cache_hit_1782470238241","timestamp":"2026-06-26T10:37:18.241Z","type":"CACHE_HIT","operation":"posts:list:news:10:0:{}","source":"cache","duration":50,"data":{"count":10,"type":"news","limit":10,"offset":0}}
{"id":"cache_hit_1782470238244","timestamp":"2026-06-26T10:37:18.244Z","type":"CACHE_HIT","operation":"posts:list:date_sheet:10:0:{}","source":"cache","duration":46,"data":{"count":10,"type":"date_sheet","limit":10,"offset":0}}
{"id":"cache_hit_1782470238249","timestamp":"2026-06-26T10:37:18.249Z","type":"CACHE_HIT","operation":"posts:list:scholarship:10:0:{}","source":"cache","duration":43,"data":{"count":10,"type":"scholarship","limit":10,"offset":0}}
{"id":"cache_hit_1782470238253","timestamp":"2026-06-26T10:37:18.253Z","type":"CACHE_HIT","operation":"posts:list:job:10:0:{}","source":"cache","duration":41,"data":{"count":6,"type":"job","limit":10,"offset":0}}
{"id":"cache_hit_1782470238255","timestamp":"2026-06-26T10:37:18.255Z","type":"CACHE_HIT","operation":"posts:list:blog:10:0:{}","source":"cache","duration":37,"data":{"count":0,"type":"blog","limit":10,"offset":0}}
{"id":"cache_hit_1782470238295","timestamp":"2026-06-26T10:37:18.295Z","type":"CACHE_HIT","operation":"posts:detail:inter-annual-exam-2026-bise-karachi","source":"cache","duration":8,"data":{"slug":"inter-annual-exam-2026-bise-karachi"}}
{"id":"cache_hit_1782470243669","timestamp":"2026-06-26T10:37:23.669Z","type":"CACHE_HIT","operation":"posts:list:date_sheet:10:0:{}","source":"cache","duration":2346,"data":{"count":10,"type":"date_sheet","limit":10,"offset":0}}
{"id":"cache_miss_1782470408968","timestamp":"2026-06-26T10:40:08.968Z","type":"CACHE_MISS","operation":"posts:list:job:1000:0:{}","source":"database","duration":0,"data":{"type":"job","limit":1000,"offset":0}}
{"id":"db_1782470410501","timestamp":"2026-06-26T10:40:10.501Z","type":"DATABASE_QUERY","operation":"getList_job_limit1000_offset0","source":"database","duration":2545,"dataSize":3575,"data":{"count":6,"type":"job","limit":1000,"offset":0}}
{"id":"cache_save_1782470410504","timestamp":"2026-06-26T10:40:10.504Z","type":"CACHE_SAVE","operation":"posts:list:job:1000:0:{}","source":"cache","duration":2548,"data":{"count":6,"ttl":"86400s"}}
{"id":"cache_hit_1782470422521","timestamp":"2026-06-26T10:40:22.521Z","type":"CACHE_HIT","operation":"posts:list:job:10:0:{}","source":"cache","duration":2837,"data":{"count":6,"type":"job","limit":10,"offset":0}}
{"id":"cache_miss_1782470424614","timestamp":"2026-06-26T10:40:24.614Z","type":"CACHE_MISS","operation":"posts:detail:remote-web-developer","source":"database","duration":0,"data":{"slug":"remote-web-developer"}}
{"id":"db_1782470426180","timestamp":"2026-06-26T10:40:26.180Z","type":"DATABASE_QUERY","operation":"getDetail_remote-web-developer","source":"database","duration":3196,"dataSize":1468,"data":{"found":true,"slug":"remote-web-developer"}}
{"id":"cache_save_1782470426183","timestamp":"2026-06-26T10:40:26.183Z","type":"CACHE_SAVE","operation":"posts:detail:remote-web-developer","source":"cache","duration":3200,"data":{"found":true,"ttl":"86400s"}}
{"id":"cache_hit_1782470450175","timestamp":"2026-06-26T10:40:50.175Z","type":"CACHE_HIT","operation":"posts:list:job:10:0:{}","source":"cache","duration":9165,"data":{"count":6,"type":"job","limit":10,"offset":0}}
{"id":"cache_hit_1782470538554","timestamp":"2026-06-26T10:42:18.554Z","type":"CACHE_HIT","operation":"posts:list:blog:10:0:{}","source":"cache","duration":41865,"data":{"count":0,"type":"blog","limit":10,"offset":0}}
{"id":"cache_hit_1782470538577","timestamp":"2026-06-26T10:42:18.578Z","type":"CACHE_HIT","operation":"posts:list:date_sheet:10:0:{}","source":"cache","duration":42003,"data":{"count":10,"type":"date_sheet","limit":10,"offset":0}}
{"id":"cache_hit_1782470539289","timestamp":"2026-06-26T10:42:19.289Z","type":"CACHE_HIT","operation":"posts:list:result:10:0:{}","source":"cache","duration":42794,"data":{"count":10,"type":"result","limit":10,"offset":0}}
{"id":"cache_hit_1782470545706","timestamp":"2026-06-26T10:42:25.706Z","type":"CACHE_HIT","operation":"posts:list:news:10:0:{}","source":"cache","duration":49174,"data":{"count":10,"type":"news","limit":10,"offset":0}}
{"id":"cache_hit_1782470545732","timestamp":"2026-06-26T10:42:25.732Z","type":"CACHE_HIT","operation":"posts:list:scholarship:10:0:{}","source":"cache","duration":49113,"data":{"count":10,"type":"scholarship","limit":10,"offset":0}}
{"id":"cache_hit_1782470547325","timestamp":"2026-06-26T10:42:27.325Z","type":"CACHE_HIT","operation":"posts:list:job:10:0:{}","source":"cache","duration":49274,"data":{"count":6,"type":"job","limit":10,"offset":0}}
{"id":"cache_hit_1782470547750","timestamp":"2026-06-26T10:42:27.750Z","type":"CACHE_HIT","operation":"posts:list:job:10:0:{}","source":"cache","duration":51099,"data":{"count":6,"type":"job","limit":10,"offset":0}}
{"id":"cache_hit_1782470548235","timestamp":"2026-06-26T10:42:28.235Z","type":"CACHE_HIT","operation":"posts:list:admission:10:0:{}","source":"cache","duration":51866,"data":{"count":10,"type":"admission","limit":10,"offset":0}}
{"id":"cache_hit_1782470553110","timestamp":"2026-06-26T10:42:33.110Z","type":"CACHE_HIT","operation":"posts:detail:remote-web-developer","source":"cache","duration":56389,"data":{"slug":"remote-web-developer"}}
{"id":"cache_hit_1782470683146","timestamp":"2026-06-26T10:44:43.146Z","type":"CACHE_HIT","operation":"posts:list:news:10:0:{}","source":"cache","duration":4,"data":{"count":10,"type":"news","limit":10,"offset":0}}
{"id":"cache_hit_1782470823033","timestamp":"2026-06-26T10:47:03.033Z","type":"CACHE_HIT","operation":"posts:list:admission:10:0:{}","source":"cache","duration":2320,"data":{"count":10,"type":"admission","limit":10,"offset":0}}
{"id":"cache_hit_1782470823052","timestamp":"2026-06-26T10:47:03.052Z","type":"CACHE_HIT","operation":"posts:list:blog:10:0:{}","source":"cache","duration":1974,"data":{"count":0,"type":"blog","limit":10,"offset":0}}
{"id":"cache_hit_1782470823064","timestamp":"2026-06-26T10:47:03.064Z","type":"CACHE_HIT","operation":"posts:list:scholarship:10:0:{}","source":"cache","duration":2037,"data":{"count":10,"type":"scholarship","limit":10,"offset":0}}
{"id":"cache_hit_1782470823080","timestamp":"2026-06-26T10:47:03.080Z","type":"CACHE_HIT","operation":"posts:list:result:10:0:{}","source":"cache","duration":2183,"data":{"count":10,"type":"result","limit":10,"offset":0}}
{"id":"cache_hit_1782470823532","timestamp":"2026-06-26T10:47:03.532Z","type":"CACHE_HIT","operation":"posts:list:date_sheet:10:0:{}","source":"cache","duration":2552,"data":{"count":10,"type":"date_sheet","limit":10,"offset":0}}
{"id":"cache_hit_1782470823598","timestamp":"2026-06-26T10:47:03.598Z","type":"CACHE_HIT","operation":"posts:list:news:10:0:{}","source":"cache","duration":2494,"data":{"count":10,"type":"news","limit":10,"offset":0}}
{"id":"cache_hit_1782470823612","timestamp":"2026-06-26T10:47:03.612Z","type":"CACHE_HIT","operation":"posts:list:news:10:0:{}","source":"cache","duration":2680,"data":{"count":10,"type":"news","limit":10,"offset":0}}
{"id":"cache_hit_1782470823696","timestamp":"2026-06-26T10:47:03.696Z","type":"CACHE_HIT","operation":"posts:list:job:10:0:{}","source":"cache","duration":2644,"data":{"count":6,"type":"job","limit":10,"offset":0}}
{"id":"cache_hit_1782470828108","timestamp":"2026-06-26T10:47:08.108Z","type":"CACHE_HIT","operation":"posts:list:admission:10:0:{}","source":"cache","duration":41,"data":{"count":10,"type":"admission","limit":10,"offset":0}}
{"id":"cache_hit_1782470828111","timestamp":"2026-06-26T10:47:08.111Z","type":"CACHE_HIT","operation":"posts:list:result:10:0:{}","source":"cache","duration":37,"data":{"count":10,"type":"result","limit":10,"offset":0}}
{"id":"cache_hit_1782470828113","timestamp":"2026-06-26T10:47:08.113Z","type":"CACHE_HIT","operation":"posts:list:news:10:0:{}","source":"cache","duration":34,"data":{"count":10,"type":"news","limit":10,"offset":0}}
{"id":"cache_hit_1782470828114","timestamp":"2026-06-26T10:47:08.114Z","type":"CACHE_HIT","operation":"posts:list:date_sheet:10:0:{}","source":"cache","duration":30,"data":{"count":10,"type":"date_sheet","limit":10,"offset":0}}
{"id":"cache_hit_1782470828116","timestamp":"2026-06-26T10:47:08.116Z","type":"CACHE_HIT","operation":"posts:list:scholarship:10:0:{}","source":"cache","duration":27,"data":{"count":10,"type":"scholarship","limit":10,"offset":0}}
{"id":"cache_hit_1782470828118","timestamp":"2026-06-26T10:47:08.118Z","type":"CACHE_HIT","operation":"posts:list:job:10:0:{}","source":"cache","duration":24,"data":{"count":6,"type":"job","limit":10,"offset":0}}
{"id":"cache_hit_1782470828125","timestamp":"2026-06-26T10:47:08.125Z","type":"CACHE_HIT","operation":"posts:list:blog:10:0:{}","source":"cache","duration":22,"data":{"count":0,"type":"blog","limit":10,"offset":0}}
{"id":"cache_hit_1782470828227","timestamp":"2026-06-26T10:47:08.227Z","type":"CACHE_HIT","operation":"posts:list:news:10:0:{}","source":"cache","duration":7,"data":{"count":10,"type":"news","limit":10,"offset":0}}
{"id":"cache_hit_1782470828270","timestamp":"2026-06-26T10:47:08.270Z","type":"CACHE_HIT","operation":"posts:list:news:10:0:{}","source":"cache","duration":4,"data":{"count":10,"type":"news","limit":10,"offset":0}}
{"id":"cache_hit_1782470844487","timestamp":"2026-06-26T10:47:24.487Z","type":"CACHE_HIT","operation":"posts:list:news:10:0:{}","source":"cache","duration":2286,"data":{"count":10,"type":"news","limit":10,"offset":0}}
{"id":"cache_miss_1782470845784","timestamp":"2026-06-26T10:47:25.784Z","type":"CACHE_MISS","operation":"posts:detail:breaking-news-2","source":"database","duration":0,"data":{"slug":"breaking-news-2"}}
{"id":"db_1782470847332","timestamp":"2026-06-26T10:47:27.332Z","type":"DATABASE_QUERY","operation":"getDetail_breaking-news-2","source":"database","duration":2463,"dataSize":904,"data":{"found":true,"slug":"breaking-news-2"}}
{"id":"cache_save_1782470847336","timestamp":"2026-06-26T10:47:27.336Z","type":"CACHE_SAVE","operation":"posts:detail:breaking-news-2","source":"cache","duration":2467,"data":{"found":true,"ttl":"86400s"}}
{"id":"cache_hit_1782470862113","timestamp":"2026-06-26T10:47:42.113Z","type":"CACHE_HIT","operation":"posts:list:news:10:0:{}","source":"cache","duration":2270,"data":{"count":10,"type":"news","limit":10,"offset":0}}
{"id":"cache_hit_1782470867344","timestamp":"2026-06-26T10:47:47.344Z","type":"CACHE_HIT","operation":"posts:list:admission:10:0:{}","source":"cache","duration":54,"data":{"count":10,"type":"admission","limit":10,"offset":0}}
{"id":"cache_hit_1782470867353","timestamp":"2026-06-26T10:47:47.353Z","type":"CACHE_HIT","operation":"posts:list:result:10:0:{}","source":"cache","duration":56,"data":{"count":10,"type":"result","limit":10,"offset":0}}
{"id":"cache_hit_1782470867356","timestamp":"2026-06-26T10:47:47.356Z","type":"CACHE_HIT","operation":"posts:list:news:10:0:{}","source":"cache","duration":49,"data":{"count":10,"type":"news","limit":10,"offset":0}}
{"id":"cache_hit_1782470867358","timestamp":"2026-06-26T10:47:47.358Z","type":"CACHE_HIT","operation":"posts:list:date_sheet:10:0:{}","source":"cache","duration":47,"data":{"count":10,"type":"date_sheet","limit":10,"offset":0}}
{"id":"cache_hit_1782470867360","timestamp":"2026-06-26T10:47:47.360Z","type":"CACHE_HIT","operation":"posts:list:scholarship:10:0:{}","source":"cache","duration":43,"data":{"count":10,"type":"scholarship","limit":10,"offset":0}}
{"id":"cache_hit_1782470867361","timestamp":"2026-06-26T10:47:47.361Z","type":"CACHE_HIT","operation":"posts:list:job:10:0:{}","source":"cache","duration":35,"data":{"count":6,"type":"job","limit":10,"offset":0}}
{"id":"cache_hit_1782470867363","timestamp":"2026-06-26T10:47:47.363Z","type":"CACHE_HIT","operation":"posts:list:blog:10:0:{}","source":"cache","duration":31,"data":{"count":0,"type":"blog","limit":10,"offset":0}}
{"id":"cache_hit_1782470867661","timestamp":"2026-06-26T10:47:47.661Z","type":"CACHE_HIT","operation":"posts:detail:breaking-news-2","source":"cache","duration":7,"data":{"slug":"breaking-news-2"}}
{"id":"cache_hit_1782470867796","timestamp":"2026-06-26T10:47:47.796Z","type":"CACHE_HIT","operation":"posts:list:news:10:0:{}","source":"cache","duration":6,"data":{"count":10,"type":"news","limit":10,"offset":0}}
{"id":"cache_hit_1782470873257","timestamp":"2026-06-26T10:47:53.257Z","type":"CACHE_HIT","operation":"posts:list:news:10:0:{}","source":"cache","duration":3116,"data":{"count":10,"type":"news","limit":10,"offset":0}}
{"id":"cache_miss_1782470903469","timestamp":"2026-06-26T10:48:23.469Z","type":"CACHE_MISS","operation":"posts:list:result:1000:0:{}","source":"database","duration":0,"data":{"type":"result","limit":1000,"offset":0}}
{"id":"db_1782470904981","timestamp":"2026-06-26T10:48:24.981Z","type":"DATABASE_QUERY","operation":"getList_result_limit1000_offset0","source":"database","duration":3340,"dataSize":5224,"data":{"count":11,"type":"result","limit":1000,"offset":0}}
{"id":"cache_save_1782470904982","timestamp":"2026-06-26T10:48:24.982Z","type":"CACHE_SAVE","operation":"posts:list:result:1000:0:{}","source":"cache","duration":3341,"data":{"count":11,"ttl":"86400s"}}
{"id":"cache_hit_1782470946057","timestamp":"2026-06-26T10:49:06.057Z","type":"CACHE_HIT","operation":"posts:list:result:10:0:{}","source":"cache","duration":2416,"data":{"count":10,"type":"result","limit":10,"offset":0}}
{"id":"cache_miss_1782470947895","timestamp":"2026-06-26T10:49:07.895Z","type":"CACHE_MISS","operation":"posts:detail:matric-result-2026","source":"database","duration":0,"data":{"slug":"matric-result-2026"}}
{"id":"db_1782470949731","timestamp":"2026-06-26T10:49:09.731Z","type":"DATABASE_QUERY","operation":"getDetail_matric-result-2026","source":"database","duration":3251,"dataSize":907,"data":{"found":true,"slug":"matric-result-2026"}}
{"id":"cache_save_1782470949734","timestamp":"2026-06-26T10:49:09.734Z","type":"CACHE_SAVE","operation":"posts:detail:matric-result-2026","source":"cache","duration":3254,"data":{"found":true,"ttl":"86400s"}}
{"id":"cache_hit_1782470974984","timestamp":"2026-06-26T10:49:34.984Z","type":"CACHE_HIT","operation":"posts:list:result:10:0:{}","source":"cache","duration":2046,"data":{"count":10,"type":"result","limit":10,"offset":0}}
{"id":"cache_hit_1782470981420","timestamp":"2026-06-26T10:49:41.420Z","type":"CACHE_HIT","operation":"posts:list:admission:10:0:{}","source":"cache","duration":62,"data":{"count":10,"type":"admission","limit":10,"offset":0}}
{"id":"cache_hit_1782470981422","timestamp":"2026-06-26T10:49:41.422Z","type":"CACHE_HIT","operation":"posts:list:result:10:0:{}","source":"cache","duration":61,"data":{"count":10,"type":"result","limit":10,"offset":0}}
{"id":"cache_hit_1782470981430","timestamp":"2026-06-26T10:49:41.430Z","type":"CACHE_HIT","operation":"posts:list:news:10:0:{}","source":"cache","duration":61,"data":{"count":10,"type":"news","limit":10,"offset":0}}
{"id":"cache_hit_1782470981433","timestamp":"2026-06-26T10:49:41.433Z","type":"CACHE_HIT","operation":"posts:list:date_sheet:10:0:{}","source":"cache","duration":53,"data":{"count":10,"type":"date_sheet","limit":10,"offset":0}}
{"id":"cache_hit_1782470981437","timestamp":"2026-06-26T10:49:41.437Z","type":"CACHE_HIT","operation":"posts:list:scholarship:10:0:{}","source":"cache","duration":43,"data":{"count":10,"type":"scholarship","limit":10,"offset":0}}
{"id":"cache_hit_1782470981439","timestamp":"2026-06-26T10:49:41.439Z","type":"CACHE_HIT","operation":"posts:list:job:10:0:{}","source":"cache","duration":36,"data":{"count":6,"type":"job","limit":10,"offset":0}}
{"id":"cache_hit_1782470981442","timestamp":"2026-06-26T10:49:41.442Z","type":"CACHE_HIT","operation":"posts:list:blog:10:0:{}","source":"cache","duration":32,"data":{"count":0,"type":"blog","limit":10,"offset":0}}
{"id":"cache_hit_1782470981484","timestamp":"2026-06-26T10:49:41.484Z","type":"CACHE_HIT","operation":"posts:detail:matric-result-2026","source":"cache","duration":11,"data":{"slug":"matric-result-2026"}}
{"id":"cache_hit_1782470986405","timestamp":"2026-06-26T10:49:46.405Z","type":"CACHE_HIT","operation":"posts:list:result:10:0:{}","source":"cache","duration":2135,"data":{"count":10,"type":"result","limit":10,"offset":0}}
{"id":"cache_hit_1782471009250","timestamp":"2026-06-26T10:50:09.250Z","type":"CACHE_HIT","operation":"posts:list:scholarship:10:0:{}","source":"cache","duration":2024,"data":{"count":10,"type":"scholarship","limit":10,"offset":0}}
{"id":"cache_hit_1782471009271","timestamp":"2026-06-26T10:50:09.271Z","type":"CACHE_HIT","operation":"posts:list:news:10:0:{}","source":"cache","duration":2142,"data":{"count":10,"type":"news","limit":10,"offset":0}}
{"id":"cache_hit_1782471009304","timestamp":"2026-06-26T10:50:09.304Z","type":"CACHE_HIT","operation":"posts:list:admission:10:0:{}","source":"cache","duration":2356,"data":{"count":10,"type":"admission","limit":10,"offset":0}}
{"id":"cache_hit_1782471009321","timestamp":"2026-06-26T10:50:09.321Z","type":"CACHE_HIT","operation":"posts:list:result:10:0:{}","source":"cache","duration":2239,"data":{"count":10,"type":"result","limit":10,"offset":0}}
{"id":"cache_hit_1782471009336","timestamp":"2026-06-26T10:50:09.336Z","type":"CACHE_HIT","operation":"posts:list:date_sheet:10:0:{}","source":"cache","duration":2158,"data":{"count":10,"type":"date_sheet","limit":10,"offset":0}}
{"id":"cache_hit_1782471009842","timestamp":"2026-06-26T10:50:09.842Z","type":"CACHE_HIT","operation":"posts:list:blog:10:0:{}","source":"cache","duration":2513,"data":{"count":0,"type":"blog","limit":10,"offset":0}}
{"id":"cache_hit_1782471009885","timestamp":"2026-06-26T10:50:09.885Z","type":"CACHE_HIT","operation":"posts:list:job:10:0:{}","source":"cache","duration":2597,"data":{"count":6,"type":"job","limit":10,"offset":0}}
{"id":"cache_hit_1782471010801","timestamp":"2026-06-26T10:50:10.801Z","type":"CACHE_HIT","operation":"posts:detail:matric-result-2026","source":"cache","duration":3400,"data":{"slug":"matric-result-2026"}}
{"id":"cache_hit_1782471011187","timestamp":"2026-06-26T10:50:11.187Z","type":"CACHE_HIT","operation":"posts:list:result:10:0:{}","source":"cache","duration":2111,"data":{"count":10,"type":"result","limit":10,"offset":0}}
{"id":"cache_hit_1782471445646","timestamp":"2026-06-26T10:57:25.646Z","type":"CACHE_HIT","operation":"posts:list:date_sheet:10:0:{}","source":"cache","duration":2462,"data":{"count":10,"type":"date_sheet","limit":10,"offset":0}}
{"id":"cache_hit_1782471445663","timestamp":"2026-06-26T10:57:25.663Z","type":"CACHE_HIT","operation":"posts:list:admission:10:0:{}","source":"cache","duration":2608,"data":{"count":10,"type":"admission","limit":10,"offset":0}}
{"id":"cache_hit_1782471445674","timestamp":"2026-06-26T10:57:25.674Z","type":"CACHE_HIT","operation":"posts:list:result:10:0:{}","source":"cache","duration":2537,"data":{"count":10,"type":"result","limit":10,"offset":0}}
{"id":"cache_hit_1782471446221","timestamp":"2026-06-26T10:57:26.221Z","type":"CACHE_HIT","operation":"posts:list:news:10:0:{}","source":"cache","duration":3058,"data":{"count":10,"type":"news","limit":10,"offset":0}}
{"id":"cache_hit_1782471446236","timestamp":"2026-06-26T10:57:26.236Z","type":"CACHE_HIT","operation":"posts:list:blog:10:0:{}","source":"cache","duration":2980,"data":{"count":0,"type":"blog","limit":10,"offset":0}}
{"id":"cache_hit_1782471446252","timestamp":"2026-06-26T10:57:26.252Z","type":"CACHE_HIT","operation":"posts:list:job:10:0:{}","source":"cache","duration":3020,"data":{"count":6,"type":"job","limit":10,"offset":0}}
{"id":"cache_hit_1782471446890","timestamp":"2026-06-26T10:57:26.890Z","type":"CACHE_HIT","operation":"posts:detail:matric-result-2026","source":"cache","duration":3604,"data":{"slug":"matric-result-2026"}}
{"id":"cache_hit_1782471447013","timestamp":"2026-06-26T10:57:27.013Z","type":"CACHE_HIT","operation":"posts:list:result:10:0:{}","source":"cache","duration":2129,"data":{"count":10,"type":"result","limit":10,"offset":0}}
{"id":"cache_hit_1782471447126","timestamp":"2026-06-26T10:57:27.126Z","type":"CACHE_HIT","operation":"posts:list:scholarship:10:0:{}","source":"cache","duration":3920,"data":{"count":10,"type":"scholarship","limit":10,"offset":0}}
{"id":"cache_hit_1782471466151","timestamp":"2026-06-26T10:57:46.151Z","type":"CACHE_HIT","operation":"posts:list:admission:10:0:{}","source":"cache","duration":6,"data":{"count":10,"type":"admission","limit":10,"offset":0}}
{"id":"cache_hit_1782471466170","timestamp":"2026-06-26T10:57:46.170Z","type":"CACHE_HIT","operation":"posts:list:result:10:0:{}","source":"cache","duration":5,"data":{"count":10,"type":"result","limit":10,"offset":0}}
{"id":"cache_hit_1782471466195","timestamp":"2026-06-26T10:57:46.195Z","type":"CACHE_HIT","operation":"posts:list:news:10:0:{}","source":"cache","duration":5,"data":{"count":10,"type":"news","limit":10,"offset":0}}
{"id":"cache_hit_1782471466220","timestamp":"2026-06-26T10:57:46.220Z","type":"CACHE_HIT","operation":"posts:list:date_sheet:10:0:{}","source":"cache","duration":8,"data":{"count":10,"type":"date_sheet","limit":10,"offset":0}}
{"id":"cache_hit_1782471466253","timestamp":"2026-06-26T10:57:46.253Z","type":"CACHE_HIT","operation":"posts:list:scholarship:10:0:{}","source":"cache","duration":4,"data":{"count":10,"type":"scholarship","limit":10,"offset":0}}
{"id":"cache_hit_1782471466274","timestamp":"2026-06-26T10:57:46.274Z","type":"CACHE_HIT","operation":"posts:list:job:10:0:{}","source":"cache","duration":6,"data":{"count":6,"type":"job","limit":10,"offset":0}}
{"id":"cache_hit_1782471466293","timestamp":"2026-06-26T10:57:46.293Z","type":"CACHE_HIT","operation":"posts:list:blog:10:0:{}","source":"cache","duration":6,"data":{"count":0,"type":"blog","limit":10,"offset":0}}
{"id":"cache_hit_1782471466318","timestamp":"2026-06-26T10:57:46.318Z","type":"CACHE_HIT","operation":"posts:detail:matric-result-2026","source":"cache","duration":5,"data":{"slug":"matric-result-2026"}}
{"id":"cache_hit_1782471470553","timestamp":"2026-06-26T10:57:50.553Z","type":"CACHE_HIT","operation":"posts:list:result:10:0:{}","source":"cache","duration":2431,"data":{"count":10,"type":"result","limit":10,"offset":0}}
{"id":"cache_hit_1782471474553","timestamp":"2026-06-26T10:57:54.553Z","type":"CACHE_HIT","operation":"posts:list:admission:10:0:{}","source":"cache","duration":8,"data":{"count":10,"type":"admission","limit":10,"offset":0}}
{"id":"cache_hit_1782471474622","timestamp":"2026-06-26T10:57:54.622Z","type":"CACHE_HIT","operation":"posts:list:result:10:0:{}","source":"cache","duration":8,"data":{"count":10,"type":"result","limit":10,"offset":0}}
{"id":"cache_hit_1782471474669","timestamp":"2026-06-26T10:57:54.669Z","type":"CACHE_HIT","operation":"posts:list:news:10:0:{}","source":"cache","duration":11,"data":{"count":10,"type":"news","limit":10,"offset":0}}
{"id":"cache_hit_1782471474745","timestamp":"2026-06-26T10:57:54.745Z","type":"CACHE_HIT","operation":"posts:list:date_sheet:10:0:{}","source":"cache","duration":9,"data":{"count":10,"type":"date_sheet","limit":10,"offset":0}}
{"id":"cache_hit_1782471474788","timestamp":"2026-06-26T10:57:54.788Z","type":"CACHE_HIT","operation":"posts:list:scholarship:10:0:{}","source":"cache","duration":7,"data":{"count":10,"type":"scholarship","limit":10,"offset":0}}
{"id":"cache_hit_1782471474828","timestamp":"2026-06-26T10:57:54.828Z","type":"CACHE_HIT","operation":"posts:list:job:10:0:{}","source":"cache","duration":8,"data":{"count":6,"type":"job","limit":10,"offset":0}}
{"id":"cache_hit_1782471474857","timestamp":"2026-06-26T10:57:54.857Z","type":"CACHE_HIT","operation":"posts:list:blog:10:0:{}","source":"cache","duration":4,"data":{"count":0,"type":"blog","limit":10,"offset":0}}
{"id":"cache_hit_1782471474900","timestamp":"2026-06-26T10:57:54.900Z","type":"CACHE_HIT","operation":"posts:detail:matric-result-2026","source":"cache","duration":5,"data":{"slug":"matric-result-2026"}}
{"id":"cache_hit_1782471476510","timestamp":"2026-06-26T10:57:56.510Z","type":"CACHE_HIT","operation":"posts:list:result:10:0:{}","source":"cache","duration":2951,"data":{"count":10,"type":"result","limit":10,"offset":0}}
{"id":"cache_hit_1782471504961","timestamp":"2026-06-26T10:58:24.961Z","type":"CACHE_HIT","operation":"posts:list:blog:10:0:{}","source":"cache","duration":1672,"data":{"count":0,"type":"blog","limit":10,"offset":0}}
{"id":"cache_hit_1782471504981","timestamp":"2026-06-26T10:58:24.981Z","type":"CACHE_HIT","operation":"posts:list:scholarship:10:0:{}","source":"cache","duration":1744,"data":{"count":10,"type":"scholarship","limit":10,"offset":0}}
{"id":"cache_hit_1782471504991","timestamp":"2026-06-26T10:58:24.991Z","type":"CACHE_HIT","operation":"posts:list:job:10:0:{}","source":"cache","duration":1728,"data":{"count":6,"type":"job","limit":10,"offset":0}}
{"id":"cache_hit_1782471505804","timestamp":"2026-06-26T10:58:25.804Z","type":"CACHE_HIT","operation":"posts:list:admission:10:0:{}","source":"cache","duration":2846,"data":{"count":10,"type":"admission","limit":10,"offset":0}}
{"id":"cache_hit_1782471505870","timestamp":"2026-06-26T10:58:25.870Z","type":"CACHE_HIT","operation":"posts:list:date_sheet:10:0:{}","source":"cache","duration":2700,"data":{"count":10,"type":"date_sheet","limit":10,"offset":0}}
{"id":"cache_hit_1782471505889","timestamp":"2026-06-26T10:58:25.889Z","type":"CACHE_HIT","operation":"posts:list:result:10:0:{}","source":"cache","duration":2793,"data":{"count":10,"type":"result","limit":10,"offset":0}}
{"id":"cache_hit_1782471505904","timestamp":"2026-06-26T10:58:25.905Z","type":"CACHE_HIT","operation":"posts:list:news:10:0:{}","source":"cache","duration":2776,"data":{"count":10,"type":"news","limit":10,"offset":0}}
{"id":"cache_hit_1782471505918","timestamp":"2026-06-26T10:58:25.918Z","type":"CACHE_HIT","operation":"posts:detail:matric-result-2026","source":"cache","duration":2590,"data":{"slug":"matric-result-2026"}}
{"id":"cache_hit_1782471507412","timestamp":"2026-06-26T10:58:27.412Z","type":"CACHE_HIT","operation":"posts:list:result:10:0:{}","source":"cache","duration":2401,"data":{"count":10,"type":"result","limit":10,"offset":0}}
{"id":"cache_hit_1782471527633","timestamp":"2026-06-26T10:58:47.633Z","type":"CACHE_HIT","operation":"posts:list:admission:10:0:{}","source":"cache","duration":8,"data":{"count":10,"type":"admission","limit":10,"offset":0}}
{"id":"cache_hit_1782471527664","timestamp":"2026-06-26T10:58:47.664Z","type":"CACHE_HIT","operation":"posts:list:result:10:0:{}","source":"cache","duration":6,"data":{"count":10,"type":"result","limit":10,"offset":0}}
{"id":"cache_hit_1782471527716","timestamp":"2026-06-26T10:58:47.716Z","type":"CACHE_HIT","operation":"posts:list:news:10:0:{}","source":"cache","duration":10,"data":{"count":10,"type":"news","limit":10,"offset":0}}
{"id":"cache_hit_1782471527762","timestamp":"2026-06-26T10:58:47.762Z","type":"CACHE_HIT","operation":"posts:list:date_sheet:10:0:{}","source":"cache","duration":9,"data":{"count":10,"type":"date_sheet","limit":10,"offset":0}}
{"id":"cache_hit_1782471527815","timestamp":"2026-06-26T10:58:47.815Z","type":"CACHE_HIT","operation":"posts:list:scholarship:10:0:{}","source":"cache","duration":9,"data":{"count":10,"type":"scholarship","limit":10,"offset":0}}
{"id":"cache_hit_1782471527856","timestamp":"2026-06-26T10:58:47.856Z","type":"CACHE_HIT","operation":"posts:list:job:10:0:{}","source":"cache","duration":8,"data":{"count":6,"type":"job","limit":10,"offset":0}}
{"id":"cache_hit_1782471527910","timestamp":"2026-06-26T10:58:47.910Z","type":"CACHE_HIT","operation":"posts:list:blog:10:0:{}","source":"cache","duration":16,"data":{"count":0,"type":"blog","limit":10,"offset":0}}
{"id":"cache_hit_1782471528002","timestamp":"2026-06-26T10:58:48.002Z","type":"CACHE_HIT","operation":"posts:detail:matric-result-2026","source":"cache","duration":10,"data":{"slug":"matric-result-2026"}}
{"id":"cache_hit_1782471528168","timestamp":"2026-06-26T10:58:48.168Z","type":"CACHE_HIT","operation":"posts:list:admission:10:0:{}","source":"cache","duration":16,"data":{"count":10,"type":"admission","limit":10,"offset":0}}
{"id":"cache_hit_1782471528221","timestamp":"2026-06-26T10:58:48.221Z","type":"CACHE_HIT","operation":"posts:list:result:10:0:{}","source":"cache","duration":11,"data":{"count":10,"type":"result","limit":10,"offset":0}}
{"id":"cache_hit_1782471528289","timestamp":"2026-06-26T10:58:48.289Z","type":"CACHE_HIT","operation":"posts:list:news:10:0:{}","source":"cache","duration":10,"data":{"count":10,"type":"news","limit":10,"offset":0}}
{"id":"cache_hit_1782471528529","timestamp":"2026-06-26T10:58:48.529Z","type":"CACHE_HIT","operation":"posts:list:date_sheet:10:0:{}","source":"cache","duration":74,"data":{"count":10,"type":"date_sheet","limit":10,"offset":0}}
{"id":"cache_hit_1782471528624","timestamp":"2026-06-26T10:58:48.625Z","type":"CACHE_HIT","operation":"posts:list:scholarship:10:0:{}","source":"cache","duration":25,"data":{"count":10,"type":"scholarship","limit":10,"offset":0}}
{"id":"cache_hit_1782471528723","timestamp":"2026-06-26T10:58:48.723Z","type":"CACHE_HIT","operation":"posts:list:job:10:0:{}","source":"cache","duration":9,"data":{"count":6,"type":"job","limit":10,"offset":0}}
{"id":"cache_hit_1782471528781","timestamp":"2026-06-26T10:58:48.781Z","type":"CACHE_HIT","operation":"posts:list:blog:10:0:{}","source":"cache","duration":12,"data":{"count":0,"type":"blog","limit":10,"offset":0}}
{"id":"cache_hit_1782471528838","timestamp":"2026-06-26T10:58:48.838Z","type":"CACHE_HIT","operation":"posts:detail:matric-result-2026","source":"cache","duration":6,"data":{"slug":"matric-result-2026"}}
{"id":"cache_hit_1782471528906","timestamp":"2026-06-26T10:58:48.906Z","type":"CACHE_HIT","operation":"posts:list:admission:10:0:{}","source":"cache","duration":6,"data":{"count":10,"type":"admission","limit":10,"offset":0}}
{"id":"cache_hit_1782471528932","timestamp":"2026-06-26T10:58:48.932Z","type":"CACHE_HIT","operation":"posts:list:result:10:0:{}","source":"cache","duration":7,"data":{"count":10,"type":"result","limit":10,"offset":0}}
{"id":"cache_hit_1782471528966","timestamp":"2026-06-26T10:58:48.966Z","type":"CACHE_HIT","operation":"posts:list:news:10:0:{}","source":"cache","duration":9,"data":{"count":10,"type":"news","limit":10,"offset":0}}
{"id":"cache_hit_1782471528997","timestamp":"2026-06-26T10:58:48.997Z","type":"CACHE_HIT","operation":"posts:list:date_sheet:10:0:{}","source":"cache","duration":8,"data":{"count":10,"type":"date_sheet","limit":10,"offset":0}}
{"id":"cache_hit_1782471529029","timestamp":"2026-06-26T10:58:49.029Z","type":"CACHE_HIT","operation":"posts:list:scholarship:10:0:{}","source":"cache","duration":7,"data":{"count":10,"type":"scholarship","limit":10,"offset":0}}
{"id":"cache_hit_1782471529059","timestamp":"2026-06-26T10:58:49.059Z","type":"CACHE_HIT","operation":"posts:list:job:10:0:{}","source":"cache","duration":6,"data":{"count":6,"type":"job","limit":10,"offset":0}}
{"id":"cache_hit_1782471529095","timestamp":"2026-06-26T10:58:49.095Z","type":"CACHE_HIT","operation":"posts:list:blog:10:0:{}","source":"cache","duration":9,"data":{"count":0,"type":"blog","limit":10,"offset":0}}
{"id":"cache_hit_1782471533790","timestamp":"2026-06-26T10:58:53.790Z","type":"CACHE_HIT","operation":"posts:list:result:10:0:{}","source":"cache","duration":2855,"data":{"count":10,"type":"result","limit":10,"offset":0}}
{"id":"cache_hit_1782471541604","timestamp":"2026-06-26T10:59:01.604Z","type":"CACHE_HIT","operation":"posts:list:result:10:0:{}","source":"cache","duration":3006,"data":{"count":10,"type":"result","limit":10,"offset":0}}
{"id":"cache_hit_1782471546307","timestamp":"2026-06-26T10:59:06.307Z","type":"CACHE_HIT","operation":"posts:list:date_sheet:10:0:{}","source":"cache","duration":1619,"data":{"count":10,"type":"date_sheet","limit":10,"offset":0}}
{"id":"cache_hit_1782471546364","timestamp":"2026-06-26T10:59:06.364Z","type":"CACHE_HIT","operation":"posts:list:job:10:0:{}","source":"cache","duration":1606,"data":{"count":6,"type":"job","limit":10,"offset":0}}
{"id":"cache_hit_1782471546388","timestamp":"2026-06-26T10:59:06.388Z","type":"CACHE_HIT","operation":"posts:list:news:10:0:{}","source":"cache","duration":1736,"data":{"count":10,"type":"news","limit":10,"offset":0}}
{"id":"cache_hit_1782471546440","timestamp":"2026-06-26T10:59:06.440Z","type":"CACHE_HIT","operation":"posts:list:result:10:0:{}","source":"cache","duration":1833,"data":{"count":10,"type":"result","limit":10,"offset":0}}
{"id":"cache_hit_1782471547237","timestamp":"2026-06-26T10:59:07.237Z","type":"CACHE_HIT","operation":"posts:list:scholarship:10:0:{}","source":"cache","duration":2512,"data":{"count":10,"type":"scholarship","limit":10,"offset":0}}
{"id":"cache_hit_1782471547247","timestamp":"2026-06-26T10:59:07.247Z","type":"CACHE_HIT","operation":"posts:detail:matric-result-2026","source":"cache","duration":2442,"data":{"slug":"matric-result-2026"}}
{"id":"cache_hit_1782471547259","timestamp":"2026-06-26T10:59:07.259Z","type":"CACHE_HIT","operation":"posts:list:admission:10:0:{}","source":"cache","duration":2814,"data":{"count":10,"type":"admission","limit":10,"offset":0}}
{"id":"cache_hit_1782471547266","timestamp":"2026-06-26T10:59:07.266Z","type":"CACHE_HIT","operation":"posts:list:blog:10:0:{}","source":"cache","duration":2485,"data":{"count":0,"type":"blog","limit":10,"offset":0}}
{"id":"cache_hit_1782471549158","timestamp":"2026-06-26T10:59:09.158Z","type":"CACHE_HIT","operation":"posts:list:result:10:0:{}","source":"cache","duration":2700,"data":{"count":10,"type":"result","limit":10,"offset":0}}
{"id":"cache_hit_1782471573929","timestamp":"2026-06-26T10:59:33.929Z","type":"CACHE_HIT","operation":"posts:list:result:10:0:{}","source":"cache","duration":2725,"data":{"count":10,"type":"result","limit":10,"offset":0}}
{"id":"cache_hit_1782471574530","timestamp":"2026-06-26T10:59:34.530Z","type":"CACHE_HIT","operation":"posts:list:scholarship:10:0:{}","source":"cache","duration":3111,"data":{"count":10,"type":"scholarship","limit":10,"offset":0}}
{"id":"cache_hit_1782471574562","timestamp":"2026-06-26T10:59:34.562Z","type":"CACHE_HIT","operation":"posts:list:date_sheet:10:0:{}","source":"cache","duration":3001,"data":{"count":10,"type":"date_sheet","limit":10,"offset":0}}
{"id":"cache_hit_1782471574586","timestamp":"2026-06-26T10:59:34.586Z","type":"CACHE_HIT","operation":"posts:list:admission:10:0:{}","source":"cache","duration":3295,"data":{"count":10,"type":"admission","limit":10,"offset":0}}
{"id":"cache_hit_1782471574982","timestamp":"2026-06-26T10:59:34.982Z","type":"CACHE_HIT","operation":"posts:list:job:10:0:{}","source":"cache","duration":3392,"data":{"count":6,"type":"job","limit":10,"offset":0}}
{"id":"cache_hit_1782471574995","timestamp":"2026-06-26T10:59:34.995Z","type":"CACHE_HIT","operation":"posts:list:result:10:0:{}","source":"cache","duration":3478,"data":{"count":10,"type":"result","limit":10,"offset":0}}
{"id":"cache_hit_1782471575007","timestamp":"2026-06-26T10:59:35.007Z","type":"CACHE_HIT","operation":"posts:list:result:10:0:{}","source":"cache","duration":3662,"data":{"count":10,"type":"result","limit":10,"offset":0}}
{"id":"cache_hit_1782471575020","timestamp":"2026-06-26T10:59:35.020Z","type":"CACHE_HIT","operation":"posts:list:job:10:0:{}","source":"cache","duration":3580,"data":{"count":6,"type":"job","limit":10,"offset":0}}
{"id":"cache_hit_1782471575033","timestamp":"2026-06-26T10:59:35.033Z","type":"CACHE_HIT","operation":"posts:list:scholarship:10:0:{}","source":"cache","duration":3458,"data":{"count":10,"type":"scholarship","limit":10,"offset":0}}
{"id":"cache_hit_1782471575045","timestamp":"2026-06-26T10:59:35.045Z","type":"CACHE_HIT","operation":"posts:detail:matric-result-2026","source":"cache","duration":3558,"data":{"slug":"matric-result-2026"}}
{"id":"cache_hit_1782471575060","timestamp":"2026-06-26T10:59:35.060Z","type":"CACHE_HIT","operation":"posts:list:blog:10:0:{}","source":"cache","duration":3453,"data":{"count":0,"type":"blog","limit":10,"offset":0}}
{"id":"cache_hit_1782471575074","timestamp":"2026-06-26T10:59:35.074Z","type":"CACHE_HIT","operation":"posts:list:date_sheet:10:0:{}","source":"cache","duration":3685,"data":{"count":10,"type":"date_sheet","limit":10,"offset":0}}
{"id":"cache_hit_1782471575087","timestamp":"2026-06-26T10:59:35.087Z","type":"CACHE_HIT","operation":"posts:list:news:10:0:{}","source":"cache","duration":3719,"data":{"count":10,"type":"news","limit":10,"offset":0}}
{"id":"cache_hit_1782471575098","timestamp":"2026-06-26T10:59:35.098Z","type":"CACHE_HIT","operation":"posts:list:blog:10:0:{}","source":"cache","duration":3636,"data":{"count":0,"type":"blog","limit":10,"offset":0}}
{"id":"cache_hit_1782471575116","timestamp":"2026-06-26T10:59:35.116Z","type":"CACHE_HIT","operation":"posts:detail:matric-result-2026","source":"cache","duration":3490,"data":{"slug":"matric-result-2026"}}
{"id":"cache_hit_1782471575124","timestamp":"2026-06-26T10:59:35.124Z","type":"CACHE_HIT","operation":"posts:list:admission:10:0:{}","source":"cache","duration":3625,"data":{"count":10,"type":"admission","limit":10,"offset":0}}
{"id":"cache_hit_1782471575539","timestamp":"2026-06-26T10:59:35.539Z","type":"CACHE_HIT","operation":"posts:list:news:10:0:{}","source":"cache","duration":4002,"data":{"count":10,"type":"news","limit":10,"offset":0}}
{"id":"cache_hit_1782471575695","timestamp":"2026-06-26T10:59:35.695Z","type":"CACHE_HIT","operation":"posts:list:result:10:0:{}","source":"cache","duration":1573,"data":{"count":10,"type":"result","limit":10,"offset":0}}
{"id":"cache_hit_1782471576069","timestamp":"2026-06-26T10:59:36.069Z","type":"CACHE_HIT","operation":"posts:list:admission:10:0:{}","source":"cache","duration":2176,"data":{"count":10,"type":"admission","limit":10,"offset":0}}
{"id":"cache_hit_1782471576077","timestamp":"2026-06-26T10:59:36.077Z","type":"CACHE_HIT","operation":"posts:list:news:10:0:{}","source":"cache","duration":1915,"data":{"count":10,"type":"news","limit":10,"offset":0}}
{"id":"cache_hit_1782471576083","timestamp":"2026-06-26T10:59:36.083Z","type":"CACHE_HIT","operation":"posts:list:scholarship:10:0:{}","source":"cache","duration":1844,"data":{"count":10,"type":"scholarship","limit":10,"offset":0}}
{"id":"cache_hit_1782471576100","timestamp":"2026-06-26T10:59:36.100Z","type":"CACHE_HIT","operation":"posts:list:job:10:0:{}","source":"cache","duration":1813,"data":{"count":6,"type":"job","limit":10,"offset":0}}
{"id":"cache_hit_1782471576471","timestamp":"2026-06-26T10:59:36.471Z","type":"CACHE_HIT","operation":"posts:detail:matric-result-2026","source":"cache","duration":1984,"data":{"slug":"matric-result-2026"}}
{"id":"cache_hit_1782471576476","timestamp":"2026-06-26T10:59:36.476Z","type":"CACHE_HIT","operation":"posts:list:date_sheet:10:0:{}","source":"cache","duration":2277,"data":{"count":10,"type":"date_sheet","limit":10,"offset":0}}
{"id":"cache_hit_1782471576568","timestamp":"2026-06-26T10:59:36.568Z","type":"CACHE_HIT","operation":"posts:list:blog:10:0:{}","source":"cache","duration":2166,"data":{"count":0,"type":"blog","limit":10,"offset":0}}
{"id":"cache_hit_1782471577175","timestamp":"2026-06-26T10:59:37.175Z","type":"CACHE_HIT","operation":"posts:list:admission:10:0:{}","source":"cache","duration":7,"data":{"count":10,"type":"admission","limit":10,"offset":0}}
{"id":"cache_hit_1782471577242","timestamp":"2026-06-26T10:59:37.242Z","type":"CACHE_HIT","operation":"posts:list:result:10:0:{}","source":"cache","duration":14,"data":{"count":10,"type":"result","limit":10,"offset":0}}
{"id":"cache_hit_1782471577278","timestamp":"2026-06-26T10:59:37.278Z","type":"CACHE_HIT","operation":"posts:list:news:10:0:{}","source":"cache","duration":13,"data":{"count":10,"type":"news","limit":10,"offset":0}}
{"id":"cache_hit_1782471577309","timestamp":"2026-06-26T10:59:37.309Z","type":"CACHE_HIT","operation":"posts:list:date_sheet:10:0:{}","source":"cache","duration":8,"data":{"count":10,"type":"date_sheet","limit":10,"offset":0}}
{"id":"cache_hit_1782471577360","timestamp":"2026-06-26T10:59:37.360Z","type":"CACHE_HIT","operation":"posts:list:scholarship:10:0:{}","source":"cache","duration":13,"data":{"count":10,"type":"scholarship","limit":10,"offset":0}}
{"id":"cache_hit_1782471577403","timestamp":"2026-06-26T10:59:37.403Z","type":"CACHE_HIT","operation":"posts:list:job:10:0:{}","source":"cache","duration":7,"data":{"count":6,"type":"job","limit":10,"offset":0}}
{"id":"cache_hit_1782471577455","timestamp":"2026-06-26T10:59:37.455Z","type":"CACHE_HIT","operation":"posts:list:blog:10:0:{}","source":"cache","duration":12,"data":{"count":0,"type":"blog","limit":10,"offset":0}}
{"id":"cache_hit_1782471577499","timestamp":"2026-06-26T10:59:37.499Z","type":"CACHE_HIT","operation":"posts:detail:matric-result-2026","source":"cache","duration":7,"data":{"slug":"matric-result-2026"}}
{"id":"cache_hit_1782471582336","timestamp":"2026-06-26T10:59:42.336Z","type":"CACHE_HIT","operation":"posts:list:result:10:0:{}","source":"cache","duration":2238,"data":{"count":10,"type":"result","limit":10,"offset":0}}
{"id":"cache_hit_1782471583230","timestamp":"2026-06-26T10:59:43.230Z","type":"CACHE_HIT","operation":"posts:list:admission:10:0:{}","source":"cache","duration":6,"data":{"count":10,"type":"admission","limit":10,"offset":0}}
{"id":"cache_hit_1782471583268","timestamp":"2026-06-26T10:59:43.268Z","type":"CACHE_HIT","operation":"posts:list:result:10:0:{}","source":"cache","duration":7,"data":{"count":10,"type":"result","limit":10,"offset":0}}
{"id":"cache_hit_1782471583319","timestamp":"2026-06-26T10:59:43.319Z","type":"CACHE_HIT","operation":"posts:list:news:10:0:{}","source":"cache","duration":23,"data":{"count":10,"type":"news","limit":10,"offset":0}}
{"id":"cache_hit_1782471583351","timestamp":"2026-06-26T10:59:43.351Z","type":"CACHE_HIT","operation":"posts:list:date_sheet:10:0:{}","source":"cache","duration":10,"data":{"count":10,"type":"date_sheet","limit":10,"offset":0}}
{"id":"cache_hit_1782471583386","timestamp":"2026-06-26T10:59:43.386Z","type":"CACHE_HIT","operation":"posts:list:scholarship:10:0:{}","source":"cache","duration":7,"data":{"count":10,"type":"scholarship","limit":10,"offset":0}}
{"id":"cache_hit_1782471583446","timestamp":"2026-06-26T10:59:43.446Z","type":"CACHE_HIT","operation":"posts:list:job:10:0:{}","source":"cache","duration":17,"data":{"count":6,"type":"job","limit":10,"offset":0}}
{"id":"cache_hit_1782471583509","timestamp":"2026-06-26T10:59:43.509Z","type":"CACHE_HIT","operation":"posts:list:blog:10:0:{}","source":"cache","duration":6,"data":{"count":0,"type":"blog","limit":10,"offset":0}}
{"id":"cache_hit_1782471583594","timestamp":"2026-06-26T10:59:43.594Z","type":"CACHE_HIT","operation":"posts:detail:matric-result-2026","source":"cache","duration":3,"data":{"slug":"matric-result-2026"}}
{"id":"cache_hit_1782471585115","timestamp":"2026-06-26T10:59:45.115Z","type":"CACHE_HIT","operation":"posts:list:admission:10:0:{}","source":"cache","duration":4,"data":{"count":10,"type":"admission","limit":10,"offset":0}}
{"id":"cache_hit_1782471585135","timestamp":"2026-06-26T10:59:45.135Z","type":"CACHE_HIT","operation":"posts:list:result:10:0:{}","source":"cache","duration":6,"data":{"count":10,"type":"result","limit":10,"offset":0}}
{"id":"cache_hit_1782471585160","timestamp":"2026-06-26T10:59:45.160Z","type":"CACHE_HIT","operation":"posts:list:news:10:0:{}","source":"cache","duration":6,"data":{"count":10,"type":"news","limit":10,"offset":0}}
{"id":"cache_hit_1782471585181","timestamp":"2026-06-26T10:59:45.181Z","type":"CACHE_HIT","operation":"posts:list:date_sheet:10:0:{}","source":"cache","duration":3,"data":{"count":10,"type":"date_sheet","limit":10,"offset":0}}
{"id":"cache_hit_1782471585199","timestamp":"2026-06-26T10:59:45.199Z","type":"CACHE_HIT","operation":"posts:list:scholarship:10:0:{}","source":"cache","duration":5,"data":{"count":10,"type":"scholarship","limit":10,"offset":0}}
{"id":"cache_hit_1782471585215","timestamp":"2026-06-26T10:59:45.215Z","type":"CACHE_HIT","operation":"posts:list:job:10:0:{}","source":"cache","duration":4,"data":{"count":6,"type":"job","limit":10,"offset":0}}
{"id":"cache_hit_1782471585234","timestamp":"2026-06-26T10:59:45.234Z","type":"CACHE_HIT","operation":"posts:list:blog:10:0:{}","source":"cache","duration":4,"data":{"count":0,"type":"blog","limit":10,"offset":0}}
{"id":"cache_hit_1782471585258","timestamp":"2026-06-26T10:59:45.258Z","type":"CACHE_HIT","operation":"posts:detail:matric-result-2026","source":"cache","duration":2,"data":{"slug":"matric-result-2026"}}
{"id":"cache_hit_1782471587128","timestamp":"2026-06-26T10:59:47.128Z","type":"CACHE_HIT","operation":"posts:list:admission:10:0:{}","source":"cache","duration":4,"data":{"count":10,"type":"admission","limit":10,"offset":0}}
{"id":"cache_hit_1782471587145","timestamp":"2026-06-26T10:59:47.145Z","type":"CACHE_HIT","operation":"posts:list:result:10:0:{}","source":"cache","duration":4,"data":{"count":10,"type":"result","limit":10,"offset":0}}
{"id":"cache_hit_1782471587160","timestamp":"2026-06-26T10:59:47.160Z","type":"CACHE_HIT","operation":"posts:list:news:10:0:{}","source":"cache","duration":5,"data":{"count":10,"type":"news","limit":10,"offset":0}}
{"id":"cache_hit_1782471587174","timestamp":"2026-06-26T10:59:47.174Z","type":"CACHE_HIT","operation":"posts:list:date_sheet:10:0:{}","source":"cache","duration":4,"data":{"count":10,"type":"date_sheet","limit":10,"offset":0}}
{"id":"cache_hit_1782471587189","timestamp":"2026-06-26T10:59:47.189Z","type":"CACHE_HIT","operation":"posts:list:scholarship:10:0:{}","source":"cache","duration":4,"data":{"count":10,"type":"scholarship","limit":10,"offset":0}}
{"id":"cache_hit_1782471587203","timestamp":"2026-06-26T10:59:47.203Z","type":"CACHE_HIT","operation":"posts:list:job:10:0:{}","source":"cache","duration":3,"data":{"count":6,"type":"job","limit":10,"offset":0}}
{"id":"cache_hit_1782471587220","timestamp":"2026-06-26T10:59:47.220Z","type":"CACHE_HIT","operation":"posts:list:blog:10:0:{}","source":"cache","duration":4,"data":{"count":0,"type":"blog","limit":10,"offset":0}}
{"id":"cache_hit_1782471587240","timestamp":"2026-06-26T10:59:47.240Z","type":"CACHE_HIT","operation":"posts:detail:matric-result-2026","source":"cache","duration":2,"data":{"slug":"matric-result-2026"}}
{"id":"cache_hit_1782471587723","timestamp":"2026-06-26T10:59:47.723Z","type":"CACHE_HIT","operation":"posts:list:admission:10:0:{}","source":"cache","duration":3,"data":{"count":10,"type":"admission","limit":10,"offset":0}}
{"id":"cache_hit_1782471587739","timestamp":"2026-06-26T10:59:47.739Z","type":"CACHE_HIT","operation":"posts:list:result:10:0:{}","source":"cache","duration":4,"data":{"count":10,"type":"result","limit":10,"offset":0}}
{"id":"cache_hit_1782471587755","timestamp":"2026-06-26T10:59:47.755Z","type":"CACHE_HIT","operation":"posts:list:news:10:0:{}","source":"cache","duration":4,"data":{"count":10,"type":"news","limit":10,"offset":0}}
{"id":"cache_hit_1782471587773","timestamp":"2026-06-26T10:59:47.773Z","type":"CACHE_HIT","operation":"posts:list:date_sheet:10:0:{}","source":"cache","duration":5,"data":{"count":10,"type":"date_sheet","limit":10,"offset":0}}
{"id":"cache_hit_1782471587797","timestamp":"2026-06-26T10:59:47.797Z","type":"CACHE_HIT","operation":"posts:list:scholarship:10:0:{}","source":"cache","duration":4,"data":{"count":10,"type":"scholarship","limit":10,"offset":0}}
{"id":"cache_hit_1782471587812","timestamp":"2026-06-26T10:59:47.812Z","type":"CACHE_HIT","operation":"posts:list:job:10:0:{}","source":"cache","duration":5,"data":{"count":6,"type":"job","limit":10,"offset":0}}
{"id":"cache_hit_1782471587826","timestamp":"2026-06-26T10:59:47.826Z","type":"CACHE_HIT","operation":"posts:list:blog:10:0:{}","source":"cache","duration":4,"data":{"count":0,"type":"blog","limit":10,"offset":0}}
{"id":"cache_hit_1782471587844","timestamp":"2026-06-26T10:59:47.844Z","type":"CACHE_HIT","operation":"posts:detail:matric-result-2026","source":"cache","duration":3,"data":{"slug":"matric-result-2026"}}
{"id":"cache_hit_1782471588711","timestamp":"2026-06-26T10:59:48.712Z","type":"CACHE_HIT","operation":"posts:list:result:10:0:{}","source":"cache","duration":2668,"data":{"count":10,"type":"result","limit":10,"offset":0}}
{"id":"cache_hit_1782471608736","timestamp":"2026-06-26T11:00:08.736Z","type":"CACHE_HIT","operation":"posts:list:admission:10:0:{}","source":"cache","duration":5,"data":{"count":10,"type":"admission","limit":10,"offset":0}}
{"id":"cache_hit_1782471608759","timestamp":"2026-06-26T11:00:08.759Z","type":"CACHE_HIT","operation":"posts:list:result:10:0:{}","source":"cache","duration":5,"data":{"count":10,"type":"result","limit":10,"offset":0}}
{"id":"cache_hit_1782471608775","timestamp":"2026-06-26T11:00:08.775Z","type":"CACHE_HIT","operation":"posts:list:news:10:0:{}","source":"cache","duration":3,"data":{"count":10,"type":"news","limit":10,"offset":0}}
{"id":"cache_hit_1782471608810","timestamp":"2026-06-26T11:00:08.810Z","type":"CACHE_HIT","operation":"posts:list:date_sheet:10:0:{}","source":"cache","duration":9,"data":{"count":10,"type":"date_sheet","limit":10,"offset":0}}
{"id":"cache_hit_1782471608848","timestamp":"2026-06-26T11:00:08.848Z","type":"CACHE_HIT","operation":"posts:list:scholarship:10:0:{}","source":"cache","duration":9,"data":{"count":10,"type":"scholarship","limit":10,"offset":0}}
{"id":"cache_hit_1782471608884","timestamp":"2026-06-26T11:00:08.884Z","type":"CACHE_HIT","operation":"posts:list:job:10:0:{}","source":"cache","duration":6,"data":{"count":6,"type":"job","limit":10,"offset":0}}
{"id":"cache_hit_1782471608914","timestamp":"2026-06-26T11:00:08.914Z","type":"CACHE_HIT","operation":"posts:list:blog:10:0:{}","source":"cache","duration":7,"data":{"count":0,"type":"blog","limit":10,"offset":0}}
{"id":"cache_hit_1782471608953","timestamp":"2026-06-26T11:00:08.953Z","type":"CACHE_HIT","operation":"posts:detail:matric-result-2026","source":"cache","duration":4,"data":{"slug":"matric-result-2026"}}
{"id":"cache_hit_1782471609294","timestamp":"2026-06-26T11:00:09.294Z","type":"CACHE_HIT","operation":"posts:list:admission:10:0:{}","source":"cache","duration":7,"data":{"count":10,"type":"admission","limit":10,"offset":0}}
{"id":"cache_hit_1782471609319","timestamp":"2026-06-26T11:00:09.319Z","type":"CACHE_HIT","operation":"posts:list:result:10:0:{}","source":"cache","duration":4,"data":{"count":10,"type":"result","limit":10,"offset":0}}
{"id":"cache_hit_1782471609343","timestamp":"2026-06-26T11:00:09.343Z","type":"CACHE_HIT","operation":"posts:list:news:10:0:{}","source":"cache","duration":7,"data":{"count":10,"type":"news","limit":10,"offset":0}}
{"id":"cache_hit_1782471609372","timestamp":"2026-06-26T11:00:09.372Z","type":"CACHE_HIT","operation":"posts:list:date_sheet:10:0:{}","source":"cache","duration":6,"data":{"count":10,"type":"date_sheet","limit":10,"offset":0}}
{"id":"cache_hit_1782471609390","timestamp":"2026-06-26T11:00:09.390Z","type":"CACHE_HIT","operation":"posts:list:scholarship:10:0:{}","source":"cache","duration":4,"data":{"count":10,"type":"scholarship","limit":10,"offset":0}}
{"id":"cache_hit_1782471609412","timestamp":"2026-06-26T11:00:09.412Z","type":"CACHE_HIT","operation":"posts:list:job:10:0:{}","source":"cache","duration":4,"data":{"count":6,"type":"job","limit":10,"offset":0}}
{"id":"cache_hit_1782471609429","timestamp":"2026-06-26T11:00:09.429Z","type":"CACHE_HIT","operation":"posts:list:blog:10:0:{}","source":"cache","duration":4,"data":{"count":0,"type":"blog","limit":10,"offset":0}}
{"id":"cache_hit_1782471609450","timestamp":"2026-06-26T11:00:09.450Z","type":"CACHE_HIT","operation":"posts:detail:matric-result-2026","source":"cache","duration":2,"data":{"slug":"matric-result-2026"}}
{"id":"cache_hit_1782471613029","timestamp":"2026-06-26T11:00:13.029Z","type":"CACHE_HIT","operation":"posts:list:result:10:0:{}","source":"cache","duration":2149,"data":{"count":10,"type":"result","limit":10,"offset":0}}
{"id":"cache_hit_1782471617676","timestamp":"2026-06-26T11:00:17.676Z","type":"CACHE_HIT","operation":"posts:list:admission:10:0:{}","source":"cache","duration":6,"data":{"count":10,"type":"admission","limit":10,"offset":0}}
{"id":"cache_hit_1782471617698","timestamp":"2026-06-26T11:00:17.698Z","type":"CACHE_HIT","operation":"posts:list:result:10:0:{}","source":"cache","duration":6,"data":{"count":10,"type":"result","limit":10,"offset":0}}
{"id":"cache_hit_1782471617715","timestamp":"2026-06-26T11:00:17.715Z","type":"CACHE_HIT","operation":"posts:list:news:10:0:{}","source":"cache","duration":6,"data":{"count":10,"type":"news","limit":10,"offset":0}}
{"id":"cache_hit_1782471617732","timestamp":"2026-06-26T11:00:17.732Z","type":"CACHE_HIT","operation":"posts:list:date_sheet:10:0:{}","source":"cache","duration":4,"data":{"count":10,"type":"date_sheet","limit":10,"offset":0}}
{"id":"cache_hit_1782471617750","timestamp":"2026-06-26T11:00:17.750Z","type":"CACHE_HIT","operation":"posts:list:scholarship:10:0:{}","source":"cache","duration":4,"data":{"count":10,"type":"scholarship","limit":10,"offset":0}}
{"id":"cache_hit_1782471617770","timestamp":"2026-06-26T11:00:17.770Z","type":"CACHE_HIT","operation":"posts:list:job:10:0:{}","source":"cache","duration":9,"data":{"count":6,"type":"job","limit":10,"offset":0}}
{"id":"cache_hit_1782471617793","timestamp":"2026-06-26T11:00:17.793Z","type":"CACHE_HIT","operation":"posts:list:blog:10:0:{}","source":"cache","duration":7,"data":{"count":0,"type":"blog","limit":10,"offset":0}}
{"id":"cache_hit_1782471617814","timestamp":"2026-06-26T11:00:17.814Z","type":"CACHE_HIT","operation":"posts:detail:matric-result-2026","source":"cache","duration":4,"data":{"slug":"matric-result-2026"}}
{"id":"cache_hit_1782471621067","timestamp":"2026-06-26T11:00:21.067Z","type":"CACHE_HIT","operation":"posts:list:result:10:0:{}","source":"cache","duration":2973,"data":{"count":10,"type":"result","limit":10,"offset":0}}
{"id":"cache_hit_1782471623380","timestamp":"2026-06-26T11:00:23.380Z","type":"CACHE_HIT","operation":"posts:list:result:10:0:{}","source":"cache","duration":1369,"data":{"count":10,"type":"result","limit":10,"offset":0}}
{"id":"cache_hit_1782471623667","timestamp":"2026-06-26T11:00:23.667Z","type":"CACHE_HIT","operation":"posts:list:blog:10:0:{}","source":"cache","duration":1237,"data":{"count":0,"type":"blog","limit":10,"offset":0}}
{"id":"cache_hit_1782471623676","timestamp":"2026-06-26T11:00:23.676Z","type":"CACHE_HIT","operation":"posts:list:job:10:0:{}","source":"cache","duration":1533,"data":{"count":6,"type":"job","limit":10,"offset":0}}
{"id":"cache_hit_1782471623829","timestamp":"2026-06-26T11:00:23.829Z","type":"CACHE_HIT","operation":"posts:list:scholarship:10:0:{}","source":"cache","duration":1714,"data":{"count":10,"type":"scholarship","limit":10,"offset":0}}
{"id":"cache_hit_1782471623835","timestamp":"2026-06-26T11:00:23.835Z","type":"CACHE_HIT","operation":"posts:list:blog:10:0:{}","source":"cache","duration":1667,"data":{"count":0,"type":"blog","limit":10,"offset":0}}
{"id":"cache_hit_1782471623842","timestamp":"2026-06-26T11:00:23.842Z","type":"CACHE_HIT","operation":"posts:list:news:10:0:{}","source":"cache","duration":1807,"data":{"count":10,"type":"news","limit":10,"offset":0}}
{"id":"cache_hit_1782471623854","timestamp":"2026-06-26T11:00:23.854Z","type":"CACHE_HIT","operation":"posts:list:date_sheet:10:0:{}","source":"cache","duration":1775,"data":{"count":10,"type":"date_sheet","limit":10,"offset":0}}
{"id":"cache_hit_1782471623864","timestamp":"2026-06-26T11:00:23.864Z","type":"CACHE_HIT","operation":"posts:detail:matric-result-2026","source":"cache","duration":1642,"data":{"slug":"matric-result-2026"}}
{"id":"cache_hit_1782471623872","timestamp":"2026-06-26T11:00:23.872Z","type":"CACHE_HIT","operation":"posts:list:admission:10:0:{}","source":"cache","duration":1940,"data":{"count":10,"type":"admission","limit":10,"offset":0}}
{"id":"cache_hit_1782471624263","timestamp":"2026-06-26T11:00:24.263Z","type":"CACHE_HIT","operation":"posts:list:news:10:0:{}","source":"cache","duration":1901,"data":{"count":10,"type":"news","limit":10,"offset":0}}
{"id":"cache_hit_1782471624403","timestamp":"2026-06-26T11:00:24.403Z","type":"CACHE_HIT","operation":"posts:detail:matric-result-2026","source":"cache","duration":1950,"data":{"slug":"matric-result-2026"}}
{"id":"cache_hit_1782471624410","timestamp":"2026-06-26T11:00:24.410Z","type":"CACHE_HIT","operation":"posts:list:admission:10:0:{}","source":"cache","duration":2083,"data":{"count":10,"type":"admission","limit":10,"offset":0}}
{"id":"cache_hit_1782471624419","timestamp":"2026-06-26T11:00:24.419Z","type":"CACHE_HIT","operation":"posts:list:date_sheet:10:0:{}","source":"cache","duration":2041,"data":{"count":10,"type":"date_sheet","limit":10,"offset":0}}
{"id":"cache_hit_1782471624431","timestamp":"2026-06-26T11:00:24.431Z","type":"CACHE_HIT","operation":"posts:list:result:10:0:{}","source":"cache","duration":2085,"data":{"count":10,"type":"result","limit":10,"offset":0}}
{"id":"cache_hit_1782471624439","timestamp":"2026-06-26T11:00:24.439Z","type":"CACHE_HIT","operation":"posts:list:scholarship:10:0:{}","source":"cache","duration":2044,"data":{"count":10,"type":"scholarship","limit":10,"offset":0}}
{"id":"cache_hit_1782471624839","timestamp":"2026-06-26T11:00:24.839Z","type":"CACHE_HIT","operation":"posts:detail:matric-result-2026","source":"cache","duration":1786,"data":{"slug":"matric-result-2026"}}
{"id":"cache_hit_1782471625272","timestamp":"2026-06-26T11:00:25.272Z","type":"CACHE_HIT","operation":"posts:list:job:10:0:{}","source":"cache","duration":2860,"data":{"count":6,"type":"job","limit":10,"offset":0}}
{"id":"cache_hit_1782471625283","timestamp":"2026-06-26T11:00:25.283Z","type":"CACHE_HIT","operation":"posts:list:result:10:0:{}","source":"cache","duration":2361,"data":{"count":10,"type":"result","limit":10,"offset":0}}
{"id":"cache_hit_1782471625292","timestamp":"2026-06-26T11:00:25.292Z","type":"CACHE_HIT","operation":"posts:list:news:10:0:{}","source":"cache","duration":2347,"data":{"count":10,"type":"news","limit":10,"offset":0}}
{"id":"cache_hit_1782471625300","timestamp":"2026-06-26T11:00:25.300Z","type":"CACHE_HIT","operation":"posts:list:scholarship:10:0:{}","source":"cache","duration":2314,"data":{"count":10,"type":"scholarship","limit":10,"offset":0}}
{"id":"cache_hit_1782471625308","timestamp":"2026-06-26T11:00:25.308Z","type":"CACHE_HIT","operation":"posts:list:date_sheet:10:0:{}","source":"cache","duration":2341,"data":{"count":10,"type":"date_sheet","limit":10,"offset":0}}
{"id":"cache_hit_1782471625314","timestamp":"2026-06-26T11:00:25.314Z","type":"CACHE_HIT","operation":"posts:list:admission:10:0:{}","source":"cache","duration":2422,"data":{"count":10,"type":"admission","limit":10,"offset":0}}
{"id":"cache_hit_1782471625320","timestamp":"2026-06-26T11:00:25.320Z","type":"CACHE_HIT","operation":"posts:list:job:10:0:{}","source":"cache","duration":2314,"data":{"count":6,"type":"job","limit":10,"offset":0}}
{"id":"cache_hit_1782471625328","timestamp":"2026-06-26T11:00:25.328Z","type":"CACHE_HIT","operation":"posts:list:blog:10:0:{}","source":"cache","duration":2299,"data":{"count":0,"type":"blog","limit":10,"offset":0}}
{"id":"cache_hit_1782471626830","timestamp":"2026-06-26T11:00:26.830Z","type":"CACHE_HIT","operation":"posts:list:result:10:0:{}","source":"cache","duration":1985,"data":{"count":10,"type":"result","limit":10,"offset":0}}
{"id":"cache_hit_1782471634389","timestamp":"2026-06-26T11:00:34.389Z","type":"CACHE_HIT","operation":"posts:list:admission:10:0:{}","source":"cache","duration":3,"data":{"count":10,"type":"admission","limit":10,"offset":0}}
{"id":"cache_hit_1782471634404","timestamp":"2026-06-26T11:00:34.404Z","type":"CACHE_HIT","operation":"posts:list:result:10:0:{}","source":"cache","duration":3,"data":{"count":10,"type":"result","limit":10,"offset":0}}
{"id":"cache_hit_1782471634423","timestamp":"2026-06-26T11:00:34.423Z","type":"CACHE_HIT","operation":"posts:list:news:10:0:{}","source":"cache","duration":4,"data":{"count":10,"type":"news","limit":10,"offset":0}}
{"id":"cache_hit_1782471634447","timestamp":"2026-06-26T11:00:34.447Z","type":"CACHE_HIT","operation":"posts:list:date_sheet:10:0:{}","source":"cache","duration":6,"data":{"count":10,"type":"date_sheet","limit":10,"offset":0}}
{"id":"cache_hit_1782471634466","timestamp":"2026-06-26T11:00:34.466Z","type":"CACHE_HIT","operation":"posts:list:scholarship:10:0:{}","source":"cache","duration":4,"data":{"count":10,"type":"scholarship","limit":10,"offset":0}}
{"id":"cache_hit_1782471634483","timestamp":"2026-06-26T11:00:34.484Z","type":"CACHE_HIT","operation":"posts:list:job:10:0:{}","source":"cache","duration":4,"data":{"count":6,"type":"job","limit":10,"offset":0}}
{"id":"cache_hit_1782471634504","timestamp":"2026-06-26T11:00:34.504Z","type":"CACHE_HIT","operation":"posts:list:blog:10:0:{}","source":"cache","duration":4,"data":{"count":0,"type":"blog","limit":10,"offset":0}}
{"id":"cache_hit_1782471634522","timestamp":"2026-06-26T11:00:34.522Z","type":"CACHE_HIT","operation":"posts:detail:matric-result-2026","source":"cache","duration":2,"data":{"slug":"matric-result-2026"}}
{"id":"cache_hit_1782471634547","timestamp":"2026-06-26T11:00:34.547Z","type":"CACHE_HIT","operation":"posts:list:admission:10:0:{}","source":"cache","duration":3,"data":{"count":10,"type":"admission","limit":10,"offset":0}}
{"id":"cache_hit_1782471634563","timestamp":"2026-06-26T11:00:34.563Z","type":"CACHE_HIT","operation":"posts:list:result:10:0:{}","source":"cache","duration":4,"data":{"count":10,"type":"result","limit":10,"offset":0}}
{"id":"cache_hit_1782471634589","timestamp":"2026-06-26T11:00:34.589Z","type":"CACHE_HIT","operation":"posts:list:news:10:0:{}","source":"cache","duration":3,"data":{"count":10,"type":"news","limit":10,"offset":0}}
{"id":"cache_hit_1782471634605","timestamp":"2026-06-26T11:00:34.605Z","type":"CACHE_HIT","operation":"posts:list:date_sheet:10:0:{}","source":"cache","duration":4,"data":{"count":10,"type":"date_sheet","limit":10,"offset":0}}
{"id":"cache_hit_1782471634621","timestamp":"2026-06-26T11:00:34.621Z","type":"CACHE_HIT","operation":"posts:list:scholarship:10:0:{}","source":"cache","duration":5,"data":{"count":10,"type":"scholarship","limit":10,"offset":0}}
{"id":"cache_hit_1782471634645","timestamp":"2026-06-26T11:00:34.645Z","type":"CACHE_HIT","operation":"posts:list:job:10:0:{}","source":"cache","duration":3,"data":{"count":6,"type":"job","limit":10,"offset":0}}
{"id":"cache_hit_1782471634660","timestamp":"2026-06-26T11:00:34.660Z","type":"CACHE_HIT","operation":"posts:list:blog:10:0:{}","source":"cache","duration":4,"data":{"count":0,"type":"blog","limit":10,"offset":0}}
{"id":"cache_hit_1782471634683","timestamp":"2026-06-26T11:00:34.683Z","type":"CACHE_HIT","operation":"posts:detail:matric-result-2026","source":"cache","duration":5,"data":{"slug":"matric-result-2026"}}
{"id":"cache_hit_1782471635201","timestamp":"2026-06-26T11:00:35.201Z","type":"CACHE_HIT","operation":"posts:list:admission:10:0:{}","source":"cache","duration":4,"data":{"count":10,"type":"admission","limit":10,"offset":0}}
{"id":"cache_hit_1782471635220","timestamp":"2026-06-26T11:00:35.220Z","type":"CACHE_HIT","operation":"posts:list:result:10:0:{}","source":"cache","duration":3,"data":{"count":10,"type":"result","limit":10,"offset":0}}
{"id":"cache_hit_1782471635242","timestamp":"2026-06-26T11:00:35.243Z","type":"CACHE_HIT","operation":"posts:list:news:10:0:{}","source":"cache","duration":7,"data":{"count":10,"type":"news","limit":10,"offset":0}}
{"id":"cache_hit_1782471635257","timestamp":"2026-06-26T11:00:35.257Z","type":"CACHE_HIT","operation":"posts:list:date_sheet:10:0:{}","source":"cache","duration":4,"data":{"count":10,"type":"date_sheet","limit":10,"offset":0}}
{"id":"cache_hit_1782471635274","timestamp":"2026-06-26T11:00:35.274Z","type":"CACHE_HIT","operation":"posts:list:scholarship:10:0:{}","source":"cache","duration":4,"data":{"count":10,"type":"scholarship","limit":10,"offset":0}}
{"id":"cache_hit_1782471635300","timestamp":"2026-06-26T11:00:35.300Z","type":"CACHE_HIT","operation":"posts:list:job:10:0:{}","source":"cache","duration":6,"data":{"count":6,"type":"job","limit":10,"offset":0}}
{"id":"cache_hit_1782471635328","timestamp":"2026-06-26T11:00:35.328Z","type":"CACHE_HIT","operation":"posts:list:blog:10:0:{}","source":"cache","duration":5,"data":{"count":0,"type":"blog","limit":10,"offset":0}}
{"id":"cache_hit_1782471635348","timestamp":"2026-06-26T11:00:35.348Z","type":"CACHE_HIT","operation":"posts:detail:matric-result-2026","source":"cache","duration":3,"data":{"slug":"matric-result-2026"}}
{"id":"cache_hit_1782471637749","timestamp":"2026-06-26T11:00:37.749Z","type":"CACHE_HIT","operation":"posts:list:result:10:0:{}","source":"cache","duration":2484,"data":{"count":10,"type":"result","limit":10,"offset":0}}
{"id":"cache_hit_1782471644778","timestamp":"2026-06-26T11:00:44.778Z","type":"CACHE_HIT","operation":"posts:list:result:10:0:{}","source":"cache","duration":2887,"data":{"count":10,"type":"result","limit":10,"offset":0}}
{"id":"cache_hit_1782471648481","timestamp":"2026-06-26T11:00:48.481Z","type":"CACHE_HIT","operation":"posts:list:admission:10:0:{}","source":"cache","duration":4,"data":{"count":10,"type":"admission","limit":10,"offset":0}}
{"id":"cache_hit_1782471648501","timestamp":"2026-06-26T11:00:48.501Z","type":"CACHE_HIT","operation":"posts:list:result:10:0:{}","source":"cache","duration":3,"data":{"count":10,"type":"result","limit":10,"offset":0}}
{"id":"cache_hit_1782471648515","timestamp":"2026-06-26T11:00:48.515Z","type":"CACHE_HIT","operation":"posts:list:news:10:0:{}","source":"cache","duration":3,"data":{"count":10,"type":"news","limit":10,"offset":0}}
{"id":"cache_hit_1782471648532","timestamp":"2026-06-26T11:00:48.532Z","type":"CACHE_HIT","operation":"posts:list:date_sheet:10:0:{}","source":"cache","duration":4,"data":{"count":10,"type":"date_sheet","limit":10,"offset":0}}
{"id":"cache_hit_1782471648548","timestamp":"2026-06-26T11:00:48.548Z","type":"CACHE_HIT","operation":"posts:list:scholarship:10:0:{}","source":"cache","duration":6,"data":{"count":10,"type":"scholarship","limit":10,"offset":0}}
{"id":"cache_hit_1782471648563","timestamp":"2026-06-26T11:00:48.563Z","type":"CACHE_HIT","operation":"posts:list:job:10:0:{}","source":"cache","duration":3,"data":{"count":6,"type":"job","limit":10,"offset":0}}
{"id":"cache_hit_1782471648580","timestamp":"2026-06-26T11:00:48.580Z","type":"CACHE_HIT","operation":"posts:list:blog:10:0:{}","source":"cache","duration":3,"data":{"count":0,"type":"blog","limit":10,"offset":0}}
{"id":"cache_hit_1782471648601","timestamp":"2026-06-26T11:00:48.601Z","type":"CACHE_HIT","operation":"posts:detail:matric-result-2026","source":"cache","duration":3,"data":{"slug":"matric-result-2026"}}
{"id":"cache_hit_1782471649416","timestamp":"2026-06-26T11:00:49.416Z","type":"CACHE_HIT","operation":"posts:list:admission:10:0:{}","source":"cache","duration":4,"data":{"count":10,"type":"admission","limit":10,"offset":0}}
{"id":"cache_hit_1782471649434","timestamp":"2026-06-26T11:00:49.434Z","type":"CACHE_HIT","operation":"posts:list:result:10:0:{}","source":"cache","duration":4,"data":{"count":10,"type":"result","limit":10,"offset":0}}
{"id":"cache_hit_1782471649451","timestamp":"2026-06-26T11:00:49.451Z","type":"CACHE_HIT","operation":"posts:list:news:10:0:{}","source":"cache","duration":5,"data":{"count":10,"type":"news","limit":10,"offset":0}}
{"id":"cache_hit_1782471649467","timestamp":"2026-06-26T11:00:49.467Z","type":"CACHE_HIT","operation":"posts:list:date_sheet:10:0:{}","source":"cache","duration":4,"data":{"count":10,"type":"date_sheet","limit":10,"offset":0}}
{"id":"cache_hit_1782471649485","timestamp":"2026-06-26T11:00:49.485Z","type":"CACHE_HIT","operation":"posts:list:scholarship:10:0:{}","source":"cache","duration":4,"data":{"count":10,"type":"scholarship","limit":10,"offset":0}}
{"id":"cache_hit_1782471649504","timestamp":"2026-06-26T11:00:49.504Z","type":"CACHE_HIT","operation":"posts:list:job:10:0:{}","source":"cache","duration":6,"data":{"count":6,"type":"job","limit":10,"offset":0}}
{"id":"cache_hit_1782471649527","timestamp":"2026-06-26T11:00:49.527Z","type":"CACHE_HIT","operation":"posts:list:blog:10:0:{}","source":"cache","duration":8,"data":{"count":0,"type":"blog","limit":10,"offset":0}}
{"id":"cache_hit_1782471649562","timestamp":"2026-06-26T11:00:49.562Z","type":"CACHE_HIT","operation":"posts:detail:matric-result-2026","source":"cache","duration":5,"data":{"slug":"matric-result-2026"}}
{"id":"cache_hit_1782471653046","timestamp":"2026-06-26T11:00:53.046Z","type":"CACHE_HIT","operation":"posts:list:result:10:0:{}","source":"cache","duration":2134,"data":{"count":10,"type":"result","limit":10,"offset":0}}
{"id":"cache_hit_1782471654905","timestamp":"2026-06-26T11:00:54.905Z","type":"CACHE_HIT","operation":"posts:list:admission:10:0:{}","source":"cache","duration":6,"data":{"count":10,"type":"admission","limit":10,"offset":0}}
{"id":"cache_hit_1782471654922","timestamp":"2026-06-26T11:00:54.922Z","type":"CACHE_HIT","operation":"posts:list:result:10:0:{}","source":"cache","duration":5,"data":{"count":10,"type":"result","limit":10,"offset":0}}
{"id":"cache_hit_1782471654940","timestamp":"2026-06-26T11:00:54.940Z","type":"CACHE_HIT","operation":"posts:list:news:10:0:{}","source":"cache","duration":6,"data":{"count":10,"type":"news","limit":10,"offset":0}}
{"id":"cache_hit_1782471654958","timestamp":"2026-06-26T11:00:54.958Z","type":"CACHE_HIT","operation":"posts:list:date_sheet:10:0:{}","source":"cache","duration":5,"data":{"count":10,"type":"date_sheet","limit":10,"offset":0}}
{"id":"cache_hit_1782471654974","timestamp":"2026-06-26T11:00:54.974Z","type":"CACHE_HIT","operation":"posts:list:scholarship:10:0:{}","source":"cache","duration":3,"data":{"count":10,"type":"scholarship","limit":10,"offset":0}}
{"id":"cache_hit_1782471654997","timestamp":"2026-06-26T11:00:54.997Z","type":"CACHE_HIT","operation":"posts:list:job:10:0:{}","source":"cache","duration":3,"data":{"count":6,"type":"job","limit":10,"offset":0}}
{"id":"cache_hit_1782471655014","timestamp":"2026-06-26T11:00:55.014Z","type":"CACHE_HIT","operation":"posts:list:blog:10:0:{}","source":"cache","duration":5,"data":{"count":0,"type":"blog","limit":10,"offset":0}}
{"id":"cache_hit_1782471655034","timestamp":"2026-06-26T11:00:55.034Z","type":"CACHE_HIT","operation":"posts:detail:matric-result-2026","source":"cache","duration":2,"data":{"slug":"matric-result-2026"}}
{"id":"cache_hit_1782471656897","timestamp":"2026-06-26T11:00:56.897Z","type":"CACHE_HIT","operation":"posts:list:admission:10:0:{}","source":"cache","duration":9,"data":{"count":10,"type":"admission","limit":10,"offset":0}}
{"id":"cache_hit_1782471656928","timestamp":"2026-06-26T11:00:56.929Z","type":"CACHE_HIT","operation":"posts:list:result:10:0:{}","source":"cache","duration":8,"data":{"count":10,"type":"result","limit":10,"offset":0}}
{"id":"cache_hit_1782471656952","timestamp":"2026-06-26T11:00:56.952Z","type":"CACHE_HIT","operation":"posts:list:news:10:0:{}","source":"cache","duration":4,"data":{"count":10,"type":"news","limit":10,"offset":0}}
{"id":"cache_hit_1782471656973","timestamp":"2026-06-26T11:00:56.973Z","type":"CACHE_HIT","operation":"posts:list:date_sheet:10:0:{}","source":"cache","duration":5,"data":{"count":10,"type":"date_sheet","limit":10,"offset":0}}
{"id":"cache_hit_1782471657000","timestamp":"2026-06-26T11:00:57.000Z","type":"CACHE_HIT","operation":"posts:list:scholarship:10:0:{}","source":"cache","duration":4,"data":{"count":10,"type":"scholarship","limit":10,"offset":0}}
{"id":"cache_hit_1782471657020","timestamp":"2026-06-26T11:00:57.020Z","type":"CACHE_HIT","operation":"posts:list:job:10:0:{}","source":"cache","duration":4,"data":{"count":6,"type":"job","limit":10,"offset":0}}
{"id":"cache_hit_1782471657044","timestamp":"2026-06-26T11:00:57.044Z","type":"CACHE_HIT","operation":"posts:list:blog:10:0:{}","source":"cache","duration":6,"data":{"count":0,"type":"blog","limit":10,"offset":0}}
{"id":"cache_hit_1782471657071","timestamp":"2026-06-26T11:00:57.071Z","type":"CACHE_HIT","operation":"posts:detail:matric-result-2026","source":"cache","duration":2,"data":{"slug":"matric-result-2026"}}
{"id":"cache_hit_1782471659292","timestamp":"2026-06-26T11:00:59.292Z","type":"CACHE_HIT","operation":"posts:list:admission:10:0:{}","source":"cache","duration":5,"data":{"count":10,"type":"admission","limit":10,"offset":0}}
{"id":"cache_hit_1782471659306","timestamp":"2026-06-26T11:00:59.306Z","type":"CACHE_HIT","operation":"posts:list:result:10:0:{}","source":"cache","duration":3,"data":{"count":10,"type":"result","limit":10,"offset":0}}
{"id":"cache_hit_1782471659320","timestamp":"2026-06-26T11:00:59.320Z","type":"CACHE_HIT","operation":"posts:list:news:10:0:{}","source":"cache","duration":4,"data":{"count":10,"type":"news","limit":10,"offset":0}}
{"id":"cache_hit_1782471659334","timestamp":"2026-06-26T11:00:59.334Z","type":"CACHE_HIT","operation":"posts:list:date_sheet:10:0:{}","source":"cache","duration":4,"data":{"count":10,"type":"date_sheet","limit":10,"offset":0}}
{"id":"cache_hit_1782471659347","timestamp":"2026-06-26T11:00:59.347Z","type":"CACHE_HIT","operation":"posts:list:scholarship:10:0:{}","source":"cache","duration":3,"data":{"count":10,"type":"scholarship","limit":10,"offset":0}}
{"id":"cache_hit_1782471659374","timestamp":"2026-06-26T11:00:59.374Z","type":"CACHE_HIT","operation":"posts:list:job:10:0:{}","source":"cache","duration":3,"data":{"count":6,"type":"job","limit":10,"offset":0}}
{"id":"cache_hit_1782471659388","timestamp":"2026-06-26T11:00:59.388Z","type":"CACHE_HIT","operation":"posts:list:blog:10:0:{}","source":"cache","duration":3,"data":{"count":0,"type":"blog","limit":10,"offset":0}}
{"id":"cache_hit_1782471659409","timestamp":"2026-06-26T11:00:59.409Z","type":"CACHE_HIT","operation":"posts:detail:matric-result-2026","source":"cache","duration":4,"data":{"slug":"matric-result-2026"}}
{"id":"cache_hit_1782471659420","timestamp":"2026-06-26T11:00:59.420Z","type":"CACHE_HIT","operation":"posts:list:result:10:0:{}","source":"cache","duration":2299,"data":{"count":10,"type":"result","limit":10,"offset":0}}
{"id":"cache_hit_1782471659450","timestamp":"2026-06-26T11:00:59.450Z","type":"CACHE_HIT","operation":"posts:list:admission:10:0:{}","source":"cache","duration":6,"data":{"count":10,"type":"admission","limit":10,"offset":0}}
{"id":"cache_hit_1782471659467","timestamp":"2026-06-26T11:00:59.467Z","type":"CACHE_HIT","operation":"posts:list:result:10:0:{}","source":"cache","duration":6,"data":{"count":10,"type":"result","limit":10,"offset":0}}
{"id":"cache_hit_1782471659491","timestamp":"2026-06-26T11:00:59.491Z","type":"CACHE_HIT","operation":"posts:list:news:10:0:{}","source":"cache","duration":6,"data":{"count":10,"type":"news","limit":10,"offset":0}}
{"id":"cache_hit_1782471659512","timestamp":"2026-06-26T11:00:59.512Z","type":"CACHE_HIT","operation":"posts:list:date_sheet:10:0:{}","source":"cache","duration":5,"data":{"count":10,"type":"date_sheet","limit":10,"offset":0}}
{"id":"cache_hit_1782471659535","timestamp":"2026-06-26T11:00:59.535Z","type":"CACHE_HIT","operation":"posts:list:scholarship:10:0:{}","source":"cache","duration":6,"data":{"count":10,"type":"scholarship","limit":10,"offset":0}}
{"id":"cache_hit_1782471659556","timestamp":"2026-06-26T11:00:59.556Z","type":"CACHE_HIT","operation":"posts:list:job:10:0:{}","source":"cache","duration":4,"data":{"count":6,"type":"job","limit":10,"offset":0}}
{"id":"cache_hit_1782471659578","timestamp":"2026-06-26T11:00:59.578Z","type":"CACHE_HIT","operation":"posts:list:blog:10:0:{}","source":"cache","duration":6,"data":{"count":0,"type":"blog","limit":10,"offset":0}}
{"id":"cache_hit_1782471666526","timestamp":"2026-06-26T11:01:06.526Z","type":"CACHE_HIT","operation":"posts:list:result:10:0:{}","source":"cache","duration":2786,"data":{"count":10,"type":"result","limit":10,"offset":0}}
{"id":"cache_hit_1782471672647","timestamp":"2026-06-26T11:01:12.647Z","type":"CACHE_HIT","operation":"posts:list:admission:10:0:{}","source":"cache","duration":4,"data":{"count":10,"type":"admission","limit":10,"offset":0}}
{"id":"cache_hit_1782471672665","timestamp":"2026-06-26T11:01:12.665Z","type":"CACHE_HIT","operation":"posts:list:result:10:0:{}","source":"cache","duration":6,"data":{"count":10,"type":"result","limit":10,"offset":0}}
{"id":"cache_hit_1782471672691","timestamp":"2026-06-26T11:01:12.691Z","type":"CACHE_HIT","operation":"posts:list:news:10:0:{}","source":"cache","duration":7,"data":{"count":10,"type":"news","limit":10,"offset":0}}
{"id":"cache_hit_1782471672718","timestamp":"2026-06-26T11:01:12.718Z","type":"CACHE_HIT","operation":"posts:list:date_sheet:10:0:{}","source":"cache","duration":6,"data":{"count":10,"type":"date_sheet","limit":10,"offset":0}}
{"id":"cache_hit_1782471672750","timestamp":"2026-06-26T11:01:12.750Z","type":"CACHE_HIT","operation":"posts:list:scholarship:10:0:{}","source":"cache","duration":7,"data":{"count":10,"type":"scholarship","limit":10,"offset":0}}
{"id":"cache_hit_1782471672777","timestamp":"2026-06-26T11:01:12.777Z","type":"CACHE_HIT","operation":"posts:list:job:10:0:{}","source":"cache","duration":7,"data":{"count":6,"type":"job","limit":10,"offset":0}}
{"id":"cache_hit_1782471672806","timestamp":"2026-06-26T11:01:12.806Z","type":"CACHE_HIT","operation":"posts:list:blog:10:0:{}","source":"cache","duration":7,"data":{"count":0,"type":"blog","limit":10,"offset":0}}
{"id":"cache_hit_1782471672839","timestamp":"2026-06-26T11:01:12.839Z","type":"CACHE_HIT","operation":"posts:detail:matric-result-2026","source":"cache","duration":3,"data":{"slug":"matric-result-2026"}}
{"id":"cache_hit_1782471677322","timestamp":"2026-06-26T11:01:17.322Z","type":"CACHE_HIT","operation":"posts:list:result:10:0:{}","source":"cache","duration":2493,"data":{"count":10,"type":"result","limit":10,"offset":0}}
{"id":"cache_hit_1782471683829","timestamp":"2026-06-26T11:01:23.829Z","type":"CACHE_HIT","operation":"posts:list:result:10:0:{}","source":"cache","duration":2215,"data":{"count":10,"type":"result","limit":10,"offset":0}}
{"id":"cache_hit_1782471766894","timestamp":"2026-06-26T11:02:46.894Z","type":"CACHE_HIT","operation":"posts:list:blog:10:0:{}","source":"cache","duration":2450,"data":{"count":0,"type":"blog","limit":10,"offset":0}}
{"id":"cache_hit_1782471766922","timestamp":"2026-06-26T11:02:46.922Z","type":"CACHE_HIT","operation":"posts:list:admission:10:0:{}","source":"cache","duration":2480,"data":{"count":10,"type":"admission","limit":10,"offset":0}}
{"id":"cache_hit_1782471766935","timestamp":"2026-06-26T11:02:46.935Z","type":"CACHE_HIT","operation":"posts:list:date_sheet:10:0:{}","source":"cache","duration":2447,"data":{"count":10,"type":"date_sheet","limit":10,"offset":0}}
{"id":"cache_hit_1782471768182","timestamp":"2026-06-26T11:02:48.182Z","type":"CACHE_HIT","operation":"posts:list:job:10:0:{}","source":"cache","duration":1170,"data":{"count":6,"type":"job","limit":10,"offset":0}}
{"id":"cache_hit_1782471768185","timestamp":"2026-06-26T11:02:48.185Z","type":"CACHE_HIT","operation":"posts:list:news:10:0:{}","source":"cache","duration":1184,"data":{"count":10,"type":"news","limit":10,"offset":0}}
{"id":"cache_hit_1782471768187","timestamp":"2026-06-26T11:02:48.187Z","type":"CACHE_HIT","operation":"posts:list:result:10:0:{}","source":"cache","duration":1181,"data":{"count":10,"type":"result","limit":10,"offset":0}}
{"id":"cache_hit_1782471769451","timestamp":"2026-06-26T11:02:49.451Z","type":"CACHE_HIT","operation":"posts:list:scholarship:10:0:{}","source":"cache","duration":1192,"data":{"count":10,"type":"scholarship","limit":10,"offset":0}}
{"id":"cache_hit_1782471769755","timestamp":"2026-06-26T11:02:49.755Z","type":"CACHE_HIT","operation":"posts:list:admission:10:0:{}","source":"cache","duration":28,"data":{"count":10,"type":"admission","limit":10,"offset":0}}
{"id":"cache_hit_1782471769756","timestamp":"2026-06-26T11:02:49.756Z","type":"CACHE_HIT","operation":"posts:list:result:10:0:{}","source":"cache","duration":29,"data":{"count":10,"type":"result","limit":10,"offset":0}}
{"id":"cache_hit_1782471769772","timestamp":"2026-06-26T11:02:49.772Z","type":"CACHE_HIT","operation":"posts:list:date_sheet:10:0:{}","source":"cache","duration":2,"data":{"count":10,"type":"date_sheet","limit":10,"offset":0}}
{"id":"cache_hit_1782471769773","timestamp":"2026-06-26T11:02:49.773Z","type":"CACHE_HIT","operation":"posts:list:job:10:0:{}","source":"cache","duration":3,"data":{"count":6,"type":"job","limit":10,"offset":0}}
{"id":"cache_hit_1782471770950","timestamp":"2026-06-26T11:02:50.950Z","type":"CACHE_HIT","operation":"posts:list:news:10:0:{}","source":"cache","duration":1223,"data":{"count":10,"type":"news","limit":10,"offset":0}}
{"id":"cache_hit_1782471771087","timestamp":"2026-06-26T11:02:51.087Z","type":"CACHE_HIT","operation":"posts:list:admission:10:0:{}","source":"cache","duration":1319,"data":{"count":10,"type":"admission","limit":10,"offset":0}}
{"id":"cache_hit_1782471771434","timestamp":"2026-06-26T11:02:51.434Z","type":"CACHE_HIT","operation":"posts:list:news:10:0:{}","source":"cache","duration":1665,"data":{"count":10,"type":"news","limit":10,"offset":0}}
{"id":"cache_hit_1782471771621","timestamp":"2026-06-26T11:02:51.621Z","type":"CACHE_HIT","operation":"posts:list:scholarship:10:0:{}","source":"cache","duration":1732,"data":{"count":10,"type":"scholarship","limit":10,"offset":0}}
{"id":"cache_hit_1782471771624","timestamp":"2026-06-26T11:02:51.624Z","type":"CACHE_HIT","operation":"posts:list:date_sheet:10:0:{}","source":"cache","duration":1656,"data":{"count":10,"type":"date_sheet","limit":10,"offset":0}}
{"id":"cache_hit_1782471771627","timestamp":"2026-06-26T11:02:51.627Z","type":"CACHE_HIT","operation":"posts:list:scholarship:10:0:{}","source":"cache","duration":1577,"data":{"count":10,"type":"scholarship","limit":10,"offset":0}}
{"id":"cache_hit_1782471771635","timestamp":"2026-06-26T11:02:51.635Z","type":"CACHE_HIT","operation":"posts:list:date_sheet:10:0:{}","source":"cache","duration":1334,"data":{"count":10,"type":"date_sheet","limit":10,"offset":0}}
{"id":"cache_hit_1782471771801","timestamp":"2026-06-26T11:02:51.801Z","type":"CACHE_HIT","operation":"posts:list:scholarship:10:0:{}","source":"cache","duration":1826,"data":{"count":10,"type":"scholarship","limit":10,"offset":0}}
{"id":"cache_miss_1782471771807","timestamp":"2026-06-26T11:02:51.807Z","type":"CACHE_MISS","operation":"posts:detail:nust-admission-2026","source":"database","duration":0,"data":{"slug":"nust-admission-2026"}}
{"id":"cache_miss_1782471771808","timestamp":"2026-06-26T11:02:51.808Z","type":"CACHE_MISS","operation":"posts:list:admission:4:0:{}","source":"database","duration":0,"data":{"type":"admission","limit":4,"offset":0}}
{"id":"cache_hit_1782471771827","timestamp":"2026-06-26T11:02:51.827Z","type":"CACHE_HIT","operation":"posts:list:admission:10:0:{}","source":"cache","duration":1778,"data":{"count":10,"type":"admission","limit":10,"offset":0}}
{"id":"cache_hit_1782471771835","timestamp":"2026-06-26T11:02:51.835Z","type":"CACHE_HIT","operation":"posts:list:admission:10:0:{}","source":"cache","duration":1861,"data":{"count":10,"type":"admission","limit":10,"offset":0}}
{"id":"cache_hit_1782471771843","timestamp":"2026-06-26T11:02:51.843Z","type":"CACHE_HIT","operation":"posts:list:admission:10:0:{}","source":"cache","duration":1955,"data":{"count":10,"type":"admission","limit":10,"offset":0}}
{"id":"cache_hit_1782471771848","timestamp":"2026-06-26T11:02:51.848Z","type":"CACHE_HIT","operation":"posts:list:date_sheet:10:0:{}","source":"cache","duration":1787,"data":{"count":10,"type":"date_sheet","limit":10,"offset":0}}
{"id":"cache_hit_1782471771864","timestamp":"2026-06-26T11:02:51.864Z","type":"CACHE_HIT","operation":"posts:list:news:10:0:{}","source":"cache","duration":1890,"data":{"count":10,"type":"news","limit":10,"offset":0}}
{"id":"cache_hit_1782471771873","timestamp":"2026-06-26T11:02:51.873Z","type":"CACHE_HIT","operation":"posts:list:scholarship:10:0:{}","source":"cache","duration":2103,"data":{"count":10,"type":"scholarship","limit":10,"offset":0}}
{"id":"cache_hit_1782471771886","timestamp":"2026-06-26T11:02:51.886Z","type":"CACHE_HIT","operation":"posts:list:news:10:0:{}","source":"cache","duration":1609,"data":{"count":10,"type":"news","limit":10,"offset":0}}
{"id":"cache_hit_1782471771905","timestamp":"2026-06-26T11:02:51.905Z","type":"CACHE_HIT","operation":"posts:list:news:10:0:{}","source":"cache","duration":1605,"data":{"count":10,"type":"news","limit":10,"offset":0}}
{"id":"cache_miss_1782471771909","timestamp":"2026-06-26T11:02:51.909Z","type":"CACHE_MISS","operation":"posts:detail:inter-result-2025-bise-karachi","source":"database","duration":0,"data":{"slug":"inter-result-2025-bise-karachi"}}
{"id":"cache_miss_1782471771916","timestamp":"2026-06-26T11:02:51.916Z","type":"CACHE_MISS","operation":"posts:detail:nacte-accreditation","source":"database","duration":0,"data":{"slug":"nacte-accreditation"}}
{"id":"cache_miss_1782471771921","timestamp":"2026-06-26T11:02:51.921Z","type":"CACHE_MISS","operation":"posts:list:job:5:0:{}","source":"database","duration":0,"data":{"type":"job","limit":5,"offset":0}}
{"id":"cache_hit_1782471771926","timestamp":"2026-06-26T11:02:51.926Z","type":"CACHE_HIT","operation":"posts:list:date_sheet:10:0:{}","source":"cache","duration":2052,"data":{"count":10,"type":"date_sheet","limit":10,"offset":0}}
{"id":"cache_hit_1782471771931","timestamp":"2026-06-26T11:02:51.931Z","type":"CACHE_HIT","operation":"posts:list:date_sheet:10:0:{}","source":"cache","duration":1457,"data":{"count":10,"type":"date_sheet","limit":10,"offset":0}}
{"id":"cache_miss_1782471771933","timestamp":"2026-06-26T11:02:51.933Z","type":"CACHE_MISS","operation":"posts:list:scholarship:4:0:{}","source":"database","duration":0,"data":{"type":"scholarship","limit":4,"offset":0}}
{"id":"cache_hit_1782471771968","timestamp":"2026-06-26T11:02:51.968Z","type":"CACHE_HIT","operation":"posts:list:news:10:0:{}","source":"cache","duration":1495,"data":{"count":10,"type":"news","limit":10,"offset":0}}
{"id":"cache_hit_1782471771973","timestamp":"2026-06-26T11:02:51.973Z","type":"CACHE_HIT","operation":"posts:list:scholarship:10:0:{}","source":"cache","duration":2098,"data":{"count":10,"type":"scholarship","limit":10,"offset":0}}
{"id":"cache_hit_1782471771974","timestamp":"2026-06-26T11:02:51.974Z","type":"CACHE_HIT","operation":"posts:list:scholarship:10:0:{}","source":"cache","duration":1913,"data":{"count":10,"type":"scholarship","limit":10,"offset":0}}
{"id":"cache_hit_1782471771992","timestamp":"2026-06-26T11:02:51.992Z","type":"CACHE_HIT","operation":"posts:list:news:10:0:{}","source":"cache","duration":1806,"data":{"count":10,"type":"news","limit":10,"offset":0}}
{"id":"cache_hit_1782471771996","timestamp":"2026-06-26T11:02:51.996Z","type":"CACHE_HIT","operation":"posts:list:news:10:0:{}","source":"cache","duration":1896,"data":{"count":10,"type":"news","limit":10,"offset":0}}
{"id":"cache_hit_1782471771998","timestamp":"2026-06-26T11:02:51.998Z","type":"CACHE_HIT","operation":"posts:list:news:10:0:{}","source":"cache","duration":1768,"data":{"count":10,"type":"news","limit":10,"offset":0}}
{"id":"cache_miss_1782471771998","timestamp":"2026-06-26T11:02:51.998Z","type":"CACHE_MISS","operation":"posts:detail:lums-admission-2026","source":"database","duration":0,"data":{"slug":"lums-admission-2026"}}
{"id":"cache_hit_1782471772002","timestamp":"2026-06-26T11:02:52.002Z","type":"CACHE_HIT","operation":"posts:list:scholarship:10:0:{}","source":"cache","duration":2034,"data":{"count":10,"type":"scholarship","limit":10,"offset":0}}
{"id":"cache_hit_1782471772003","timestamp":"2026-06-26T11:02:52.003Z","type":"CACHE_HIT","operation":"posts:list:scholarship:10:0:{}","source":"cache","duration":1903,"data":{"count":10,"type":"scholarship","limit":10,"offset":0}}
{"id":"cache_miss_1782471772007","timestamp":"2026-06-26T11:02:52.007Z","type":"CACHE_MISS","operation":"posts:detail:pu-admission-2026","source":"database","duration":0,"data":{"slug":"pu-admission-2026"}}
{"id":"cache_hit_1782471772011","timestamp":"2026-06-26T11:02:52.011Z","type":"CACHE_HIT","operation":"posts:list:scholarship:10:0:{}","source":"cache","duration":1534,"data":{"count":10,"type":"scholarship","limit":10,"offset":0}}
{"id":"cache_hit_1782471772016","timestamp":"2026-06-26T11:02:52.016Z","type":"CACHE_HIT","operation":"posts:list:job:10:0:{}","source":"cache","duration":1786,"data":{"count":6,"type":"job","limit":10,"offset":0}}
{"id":"cache_hit_1782471772022","timestamp":"2026-06-26T11:02:52.022Z","type":"CACHE_HIT","operation":"posts:list:job:10:0:{}","source":"cache","duration":1721,"data":{"count":6,"type":"job","limit":10,"offset":0}}
{"id":"cache_hit_1782471772023","timestamp":"2026-06-26T11:02:52.023Z","type":"CACHE_HIT","operation":"posts:list:result:10:0:{}","source":"cache","duration":2049,"data":{"count":10,"type":"result","limit":10,"offset":0}}
{"id":"cache_hit_1782471772024","timestamp":"2026-06-26T11:02:52.024Z","type":"CACHE_HIT","operation":"posts:list:job:10:0:{}","source":"cache","duration":2056,"data":{"count":6,"type":"job","limit":10,"offset":0}}
{"id":"cache_hit_1782471772026","timestamp":"2026-06-26T11:02:52.026Z","type":"CACHE_HIT","operation":"posts:list:job:10:0:{}","source":"cache","duration":2272,"data":{"count":6,"type":"job","limit":10,"offset":0}}
{"id":"cache_hit_1782471772029","timestamp":"2026-06-26T11:02:52.029Z","type":"CACHE_HIT","operation":"posts:list:job:10:0:{}","source":"cache","duration":1651,"data":{"count":6,"type":"job","limit":10,"offset":0}}
{"id":"cache_hit_1782471772029","timestamp":"2026-06-26T11:02:52.029Z","type":"CACHE_HIT","operation":"posts:list:result:10:0:{}","source":"cache","duration":2141,"data":{"count":10,"type":"result","limit":10,"offset":0}}
{"id":"cache_hit_1782471772030","timestamp":"2026-06-26T11:02:52.030Z","type":"CACHE_HIT","operation":"posts:list:result:10:0:{}","source":"cache","duration":1981,"data":{"count":10,"type":"result","limit":10,"offset":0}}
{"id":"cache_hit_1782471772032","timestamp":"2026-06-26T11:02:52.032Z","type":"CACHE_HIT","operation":"posts:list:job:10:0:{}","source":"cache","duration":2157,"data":{"count":6,"type":"job","limit":10,"offset":0}}
{"id":"cache_hit_1782471772035","timestamp":"2026-06-26T11:02:52.035Z","type":"CACHE_HIT","operation":"posts:list:job:10:0:{}","source":"cache","duration":1558,"data":{"count":6,"type":"job","limit":10,"offset":0}}
{"id":"cache_hit_1782471772190","timestamp":"2026-06-26T11:02:52.190Z","type":"CACHE_HIT","operation":"posts:list:result:10:0:{}","source":"cache","duration":2421,"data":{"count":10,"type":"result","limit":10,"offset":0}}
{"id":"cache_hit_1782471772227","timestamp":"2026-06-26T11:02:52.227Z","type":"CACHE_HIT","operation":"posts:list:news:10:0:{}","source":"cache","duration":2339,"data":{"count":10,"type":"news","limit":10,"offset":0}}
{"id":"cache_miss_1782471772227","timestamp":"2026-06-26T11:02:52.227Z","type":"CACHE_MISS","operation":"posts:list:result:5:0:{}","source":"database","duration":0,"data":{"type":"result","limit":5,"offset":0}}
{"id":"cache_hit_1782471772257","timestamp":"2026-06-26T11:02:52.257Z","type":"CACHE_HIT","operation":"posts:list:date_sheet:10:0:{}","source":"cache","duration":2027,"data":{"count":10,"type":"date_sheet","limit":10,"offset":0}}
{"id":"cache_hit_1782471772260","timestamp":"2026-06-26T11:02:52.260Z","type":"CACHE_HIT","operation":"posts:list:job:10:0:{}","source":"cache","duration":2199,"data":{"count":6,"type":"job","limit":10,"offset":0}}
{"id":"cache_hit_1782471772279","timestamp":"2026-06-26T11:02:52.279Z","type":"CACHE_HIT","operation":"posts:list:scholarship:10:0:{}","source":"cache","duration":1901,"data":{"count":10,"type":"scholarship","limit":10,"offset":0}}
{"id":"cache_miss_1782471772282","timestamp":"2026-06-26T11:02:52.282Z","type":"CACHE_MISS","operation":"posts:list:news:5:0:{}","source":"database","duration":0,"data":{"type":"news","limit":5,"offset":0}}
{"id":"cache_hit_1782471772287","timestamp":"2026-06-26T11:02:52.287Z","type":"CACHE_HIT","operation":"posts:list:scholarship:10:0:{}","source":"cache","duration":1986,"data":{"count":10,"type":"scholarship","limit":10,"offset":0}}
{"id":"cache_hit_1782471772291","timestamp":"2026-06-26T11:02:52.291Z","type":"CACHE_HIT","operation":"posts:list:news:10:0:{}","source":"cache","duration":2324,"data":{"count":10,"type":"news","limit":10,"offset":0}}
{"id":"cache_hit_1782471772294","timestamp":"2026-06-26T11:02:52.294Z","type":"CACHE_HIT","operation":"posts:list:date_sheet:10:0:{}","source":"cache","duration":2566,"data":{"count":10,"type":"date_sheet","limit":10,"offset":0}}
{"id":"cache_miss_1782471772297","timestamp":"2026-06-26T11:02:52.297Z","type":"CACHE_MISS","operation":"posts:list:date_sheet:5:0:{}","source":"database","duration":0,"data":{"type":"date_sheet","limit":5,"offset":0}}
{"id":"cache_miss_1782471772299","timestamp":"2026-06-26T11:02:52.299Z","type":"CACHE_MISS","operation":"posts:detail:karachi-university-protest","source":"database","duration":0,"data":{"slug":"karachi-university-protest"}}
{"id":"cache_hit_1782471772414","timestamp":"2026-06-26T11:02:52.414Z","type":"CACHE_HIT","operation":"posts:list:scholarship:10:0:{}","source":"cache","duration":2660,"data":{"count":10,"type":"scholarship","limit":10,"offset":0}}
{"id":"cache_hit_1782471772419","timestamp":"2026-06-26T11:02:52.419Z","type":"CACHE_HIT","operation":"posts:list:news:10:0:{}","source":"cache","duration":2545,"data":{"count":10,"type":"news","limit":10,"offset":0}}
{"id":"cache_hit_1782471772423","timestamp":"2026-06-26T11:02:52.423Z","type":"CACHE_HIT","operation":"posts:list:date_sheet:10:0:{}","source":"cache","duration":2046,"data":{"count":10,"type":"date_sheet","limit":10,"offset":0}}
{"id":"cache_hit_1782471772426","timestamp":"2026-06-26T11:02:52.426Z","type":"CACHE_HIT","operation":"posts:list:result:10:0:{}","source":"cache","duration":2327,"data":{"count":10,"type":"result","limit":10,"offset":0}}
{"id":"cache_hit_1782471772427","timestamp":"2026-06-26T11:02:52.427Z","type":"CACHE_HIT","operation":"posts:list:news:10:0:{}","source":"cache","duration":2367,"data":{"count":10,"type":"news","limit":10,"offset":0}}
{"id":"cache_hit_1782471772433","timestamp":"2026-06-26T11:02:52.433Z","type":"CACHE_HIT","operation":"posts:list:news:10:0:{}","source":"cache","duration":2056,"data":{"count":10,"type":"news","limit":10,"offset":0}}
{"id":"cache_hit_1782471772434","timestamp":"2026-06-26T11:02:52.434Z","type":"CACHE_HIT","operation":"posts:list:result:10:0:{}","source":"cache","duration":2248,"data":{"count":10,"type":"result","limit":10,"offset":0}}
{"id":"cache_hit_1782471772437","timestamp":"2026-06-26T11:02:52.437Z","type":"CACHE_HIT","operation":"posts:list:scholarship:10:0:{}","source":"cache","duration":2207,"data":{"count":10,"type":"scholarship","limit":10,"offset":0}}
{"id":"cache_hit_1782471772438","timestamp":"2026-06-26T11:02:52.438Z","type":"CACHE_HIT","operation":"posts:list:news:10:0:{}","source":"cache","duration":2388,"data":{"count":10,"type":"news","limit":10,"offset":0}}
{"id":"cache_miss_1782471772443","timestamp":"2026-06-26T11:02:52.443Z","type":"CACHE_MISS","operation":"posts:detail:matric-result-2025-bise-rawalpindi","source":"database","duration":0,"data":{"slug":"matric-result-2025-bise-rawalpindi"}}
{"id":"cache_hit_1782471772444","timestamp":"2026-06-26T11:02:52.444Z","type":"CACHE_HIT","operation":"posts:list:scholarship:10:0:{}","source":"cache","duration":2258,"data":{"count":10,"type":"scholarship","limit":10,"offset":0}}
{"id":"cache_miss_1782471772448","timestamp":"2026-06-26T11:02:52.448Z","type":"CACHE_MISS","operation":"posts:detail:gcuf-admission-2026","source":"database","duration":0,"data":{"slug":"gcuf-admission-2026"}}
{"id":"cache_hit_1782471772453","timestamp":"2026-06-26T11:02:52.453Z","type":"CACHE_HIT","operation":"posts:list:admission:10:0:{}","source":"cache","duration":2354,"data":{"count":10,"type":"admission","limit":10,"offset":0}}
{"id":"cache_hit_1782471772458","timestamp":"2026-06-26T11:02:52.458Z","type":"CACHE_HIT","operation":"posts:list:admission:10:0:{}","source":"cache","duration":2273,"data":{"count":10,"type":"admission","limit":10,"offset":0}}
{"id":"cache_hit_1782471772465","timestamp":"2026-06-26T11:02:52.465Z","type":"CACHE_HIT","operation":"posts:detail:ku-admission-2026","source":"cache","duration":2571,"data":{"slug":"ku-admission-2026"}}
{"id":"cache_hit_1782471772593","timestamp":"2026-06-26T11:02:52.593Z","type":"CACHE_HIT","operation":"posts:list:blog:10:0:{}","source":"cache","duration":2362,"data":{"count":0,"type":"blog","limit":10,"offset":0}}
{"id":"cache_hit_1782471772656","timestamp":"2026-06-26T11:02:52.656Z","type":"CACHE_HIT","operation":"posts:list:blog:10:0:{}","source":"cache","duration":2885,"data":{"count":0,"type":"blog","limit":10,"offset":0}}
{"id":"cache_hit_1782471772920","timestamp":"2026-06-26T11:02:52.920Z","type":"CACHE_HIT","operation":"posts:list:blog:10:0:{}","source":"cache","duration":2945,"data":{"count":0,"type":"blog","limit":10,"offset":0}}
{"id":"cache_hit_1782471772922","timestamp":"2026-06-26T11:02:52.922Z","type":"CACHE_HIT","operation":"posts:list:blog:10:0:{}","source":"cache","duration":3033,"data":{"count":0,"type":"blog","limit":10,"offset":0}}
{"id":"cache_hit_1782471772923","timestamp":"2026-06-26T11:02:52.923Z","type":"CACHE_HIT","operation":"posts:list:blog:10:0:{}","source":"cache","duration":2873,"data":{"count":0,"type":"blog","limit":10,"offset":0}}
{"id":"cache_hit_1782471772924","timestamp":"2026-06-26T11:02:52.924Z","type":"CACHE_HIT","operation":"posts:list:blog:10:0:{}","source":"cache","duration":2738,"data":{"count":0,"type":"blog","limit":10,"offset":0}}
{"id":"cache_hit_1782471772927","timestamp":"2026-06-26T11:02:52.927Z","type":"CACHE_HIT","operation":"posts:list:blog:10:0:{}","source":"cache","duration":2827,"data":{"count":0,"type":"blog","limit":10,"offset":0}}
{"id":"cache_hit_1782471772971","timestamp":"2026-06-26T11:02:52.971Z","type":"CACHE_HIT","operation":"posts:list:blog:10:0:{}","source":"cache","duration":3216,"data":{"count":0,"type":"blog","limit":10,"offset":0}}
{"id":"cache_hit_1782471772972","timestamp":"2026-06-26T11:02:52.972Z","type":"CACHE_HIT","operation":"posts:list:blog:10:0:{}","source":"cache","duration":2910,"data":{"count":0,"type":"blog","limit":10,"offset":0}}
{"id":"cache_hit_1782471772973","timestamp":"2026-06-26T11:02:52.973Z","type":"CACHE_HIT","operation":"posts:list:blog:10:0:{}","source":"cache","duration":3005,"data":{"count":0,"type":"blog","limit":10,"offset":0}}
{"id":"cache_hit_1782471772975","timestamp":"2026-06-26T11:02:52.975Z","type":"CACHE_HIT","operation":"posts:list:blog:10:0:{}","source":"cache","duration":2597,"data":{"count":0,"type":"blog","limit":10,"offset":0}}
{"id":"cache_hit_1782471772977","timestamp":"2026-06-26T11:02:52.977Z","type":"CACHE_HIT","operation":"posts:list:blog:10:0:{}","source":"cache","duration":2500,"data":{"count":0,"type":"blog","limit":10,"offset":0}}
{"id":"cache_hit_1782471772978","timestamp":"2026-06-26T11:02:52.978Z","type":"CACHE_HIT","operation":"posts:list:blog:10:0:{}","source":"cache","duration":2676,"data":{"count":0,"type":"blog","limit":10,"offset":0}}
{"id":"cache_hit_1782471772980","timestamp":"2026-06-26T11:02:52.980Z","type":"CACHE_HIT","operation":"posts:list:blog:10:0:{}","source":"cache","duration":3105,"data":{"count":0,"type":"blog","limit":10,"offset":0}}
{"id":"cache_hit_1782471772993","timestamp":"2026-06-26T11:02:52.993Z","type":"CACHE_HIT","operation":"posts:detail:matric-result-2026","source":"cache","duration":2612,"data":{"slug":"matric-result-2026"}}
{"id":"db_1782471772995","timestamp":"2026-06-26T11:02:52.995Z","type":"DATABASE_QUERY","operation":"getList_admission_limit4_offset0","source":"database","duration":2933,"dataSize":2641,"data":{"count":4,"type":"admission","limit":4,"offset":0}}
{"id":"cache_save_1782471772996","timestamp":"2026-06-26T11:02:52.996Z","type":"CACHE_SAVE","operation":"posts:list:admission:4:0:{}","source":"cache","duration":2934,"data":{"count":4,"ttl":"86400s"}}
{"id":"db_1782471773028","timestamp":"2026-06-26T11:02:53.028Z","type":"DATABASE_QUERY","operation":"getDetail_nust-admission-2026","source":"database","duration":3050,"dataSize":1280,"data":{"found":true,"slug":"nust-admission-2026"}}
{"id":"cache_save_1782471773028","timestamp":"2026-06-26T11:02:53.028Z","type":"CACHE_SAVE","operation":"posts:detail:nust-admission-2026","source":"cache","duration":3050,"data":{"found":true,"ttl":"86400s"}}
{"id":"db_1782471773031","timestamp":"2026-06-26T11:02:53.031Z","type":"DATABASE_QUERY","operation":"getDetail_lums-admission-2026","source":"database","duration":2980,"dataSize":1255,"data":{"found":true,"slug":"lums-admission-2026"}}
{"id":"cache_save_1782471773032","timestamp":"2026-06-26T11:02:53.032Z","type":"CACHE_SAVE","operation":"posts:detail:lums-admission-2026","source":"cache","duration":2981,"data":{"found":true,"ttl":"86400s"}}
{"id":"db_1782471773211","timestamp":"2026-06-26T11:02:53.211Z","type":"DATABASE_QUERY","operation":"getList_scholarship_limit4_offset0","source":"database","duration":3149,"dataSize":2058,"data":{"count":4,"type":"scholarship","limit":4,"offset":0}}
{"id":"cache_save_1782471773212","timestamp":"2026-06-26T11:02:53.212Z","type":"CACHE_SAVE","operation":"posts:list:scholarship:4:0:{}","source":"cache","duration":3150,"data":{"count":4,"ttl":"86400s"}}
{"id":"db_1782471773228","timestamp":"2026-06-26T11:02:53.228Z","type":"DATABASE_QUERY","operation":"getDetail_inter-result-2025-bise-karachi","source":"database","duration":2922,"dataSize":1023,"data":{"found":true,"slug":"inter-result-2025-bise-karachi"}}
{"id":"cache_save_1782471773228","timestamp":"2026-06-26T11:02:53.228Z","type":"CACHE_SAVE","operation":"posts:detail:inter-result-2025-bise-karachi","source":"cache","duration":2922,"data":{"found":true,"ttl":"86400s"}}
{"id":"db_1782471773232","timestamp":"2026-06-26T11:02:53.233Z","type":"DATABASE_QUERY","operation":"getDetail_nacte-accreditation","source":"database","duration":3352,"dataSize":979,"data":{"found":true,"slug":"nacte-accreditation"}}
{"id":"cache_save_1782471773233","timestamp":"2026-06-26T11:02:53.233Z","type":"CACHE_SAVE","operation":"posts:detail:nacte-accreditation","source":"cache","duration":3352,"data":{"found":true,"ttl":"86400s"}}
{"id":"db_1782471773235","timestamp":"2026-06-26T11:02:53.235Z","type":"DATABASE_QUERY","operation":"getList_job_limit5_offset0","source":"database","duration":3173,"dataSize":2998,"data":{"count":5,"type":"job","limit":5,"offset":0}}
{"id":"cache_save_1782471773236","timestamp":"2026-06-26T11:02:53.236Z","type":"CACHE_SAVE","operation":"posts:list:job:5:0:{}","source":"cache","duration":3174,"data":{"count":5,"ttl":"86400s"}}
{"id":"db_1782471773242","timestamp":"2026-06-26T11:02:53.242Z","type":"DATABASE_QUERY","operation":"getDetail_pu-admission-2026","source":"database","duration":3140,"dataSize":1326,"data":{"found":true,"slug":"pu-admission-2026"}}
{"id":"cache_save_1782471773243","timestamp":"2026-06-26T11:02:53.243Z","type":"CACHE_SAVE","operation":"posts:detail:pu-admission-2026","source":"cache","duration":3141,"data":{"found":true,"ttl":"86400s"}}
{"id":"db_1782471773428","timestamp":"2026-06-26T11:02:53.428Z","type":"DATABASE_QUERY","operation":"getList_result_limit5_offset0","source":"database","duration":3366,"dataSize":2316,"data":{"count":5,"type":"result","limit":5,"offset":0}}
{"id":"cache_save_1782471773429","timestamp":"2026-06-26T11:02:53.429Z","type":"CACHE_SAVE","operation":"posts:list:result:5:0:{}","source":"cache","duration":3367,"data":{"count":5,"ttl":"86400s"}}
{"id":"db_1782471773437","timestamp":"2026-06-26T11:02:53.437Z","type":"DATABASE_QUERY","operation":"getList_news_limit5_offset0","source":"database","duration":3375,"dataSize":2324,"data":{"count":5,"type":"news","limit":5,"offset":0}}
{"id":"cache_save_1782471773437","timestamp":"2026-06-26T11:02:53.437Z","type":"CACHE_SAVE","operation":"posts:list:news:5:0:{}","source":"cache","duration":3375,"data":{"count":5,"ttl":"86400s"}}
{"id":"db_1782471773444","timestamp":"2026-06-26T11:02:53.444Z","type":"DATABASE_QUERY","operation":"getList_date_sheet_limit5_offset0","source":"database","duration":3382,"dataSize":2505,"data":{"count":5,"type":"date_sheet","limit":5,"offset":0}}
{"id":"cache_save_1782471773445","timestamp":"2026-06-26T11:02:53.445Z","type":"CACHE_SAVE","operation":"posts:list:date_sheet:5:0:{}","source":"cache","duration":3383,"data":{"count":5,"ttl":"86400s"}}
{"id":"db_1782471773458","timestamp":"2026-06-26T11:02:53.458Z","type":"DATABASE_QUERY","operation":"getDetail_matric-result-2025-bise-rawalpindi","source":"database","duration":2971,"dataSize":1016,"data":{"found":true,"slug":"matric-result-2025-bise-rawalpindi"}}
{"id":"cache_save_1782471773458","timestamp":"2026-06-26T11:02:53.458Z","type":"CACHE_SAVE","operation":"posts:detail:matric-result-2025-bise-rawalpindi","source":"cache","duration":2971,"data":{"found":true,"ttl":"86400s"}}
{"id":"db_1782471773874","timestamp":"2026-06-26T11:02:53.874Z","type":"DATABASE_QUERY","operation":"getDetail_karachi-university-protest","source":"database","duration":4107,"dataSize":993,"data":{"found":true,"slug":"karachi-university-protest"}}
{"id":"cache_save_1782471773875","timestamp":"2026-06-26T11:02:53.875Z","type":"CACHE_SAVE","operation":"posts:detail:karachi-university-protest","source":"cache","duration":4108,"data":{"found":true,"ttl":"86400s"}}
{"id":"db_1782471774023","timestamp":"2026-06-26T11:02:54.023Z","type":"DATABASE_QUERY","operation":"getDetail_gcuf-admission-2026","source":"database","duration":3834,"dataSize":1204,"data":{"found":true,"slug":"gcuf-admission-2026"}}
{"id":"cache_save_1782471774024","timestamp":"2026-06-26T11:02:54.024Z","type":"CACHE_SAVE","operation":"posts:detail:gcuf-admission-2026","source":"cache","duration":3835,"data":{"found":true,"ttl":"86400s"}}
{"id":"cache_hit_1782471774515","timestamp":"2026-06-26T11:02:54.515Z","type":"CACHE_HIT","operation":"posts:list:admission:10:0:{}","source":"cache","duration":0,"data":{"count":10,"type":"admission","limit":10,"offset":0}}
{"id":"cache_miss_1782471775056","timestamp":"2026-06-26T11:02:55.056Z","type":"CACHE_MISS","operation":"posts:detail:ue-admission-2026","source":"database","duration":0,"data":{"slug":"ue-admission-2026"}}
{"id":"cache_miss_1782471775060","timestamp":"2026-06-26T11:02:55.060Z","type":"CACHE_MISS","operation":"posts:detail:itu-admission-2026","source":"database","duration":0,"data":{"slug":"itu-admission-2026"}}
{"id":"cache_miss_1782471775078","timestamp":"2026-06-26T11:02:55.078Z","type":"CACHE_MISS","operation":"posts:detail:iub-admission-2026","source":"database","duration":0,"data":{"slug":"iub-admission-2026"}}
{"id":"cache_miss_1782471775080","timestamp":"2026-06-26T11:02:55.080Z","type":"CACHE_MISS","operation":"posts:detail:pu-admission-2025","source":"database","duration":0,"data":{"slug":"pu-admission-2025"}}
{"id":"cache_miss_1782471775258","timestamp":"2026-06-26T11:02:55.258Z","type":"CACHE_MISS","operation":"posts:list:blog:1000:0:{}","source":"database","duration":0,"data":{"type":"blog","limit":1000,"offset":0}}
{"id":"cache_miss_1782471775461","timestamp":"2026-06-26T11:02:55.461Z","type":"CACHE_MISS","operation":"posts:detail:bzu-admission-2026","source":"database","duration":0,"data":{"slug":"bzu-admission-2026"}}
{"id":"cache_miss_1782471775474","timestamp":"2026-06-26T11:02:55.474Z","type":"CACHE_MISS","operation":"posts:detail:msc-result-2025-ku","source":"database","duration":0,"data":{"slug":"msc-result-2025-ku"}}
{"id":"cache_miss_1782471775477","timestamp":"2026-06-26T11:02:55.477Z","type":"CACHE_MISS","operation":"posts:detail:inter-result-2025-bise-multan","source":"database","duration":0,"data":{"slug":"inter-result-2025-bise-multan"}}
{"id":"cache_miss_1782471775479","timestamp":"2026-06-26T11:02:55.479Z","type":"CACHE_MISS","operation":"posts:detail:ba-result-2025-punjab-university","source":"database","duration":0,"data":{"slug":"ba-result-2025-punjab-university"}}
{"id":"cache_miss_1782471775482","timestamp":"2026-06-26T11:02:55.482Z","type":"CACHE_MISS","operation":"posts:detail:inter-result-2025-bise-gujranwala","source":"database","duration":0,"data":{"slug":"inter-result-2025-bise-gujranwala"}}
{"id":"cache_miss_1782471775507","timestamp":"2026-06-26T11:02:55.507Z","type":"CACHE_MISS","operation":"posts:detail:inter-result-2025-bise-sargodha","source":"database","duration":0,"data":{"slug":"inter-result-2025-bise-sargodha"}}
{"id":"cache_miss_1782471775510","timestamp":"2026-06-26T11:02:55.510Z","type":"CACHE_MISS","operation":"posts:detail:matric-supply-result-2025-bise-lahore","source":"database","duration":0,"data":{"slug":"matric-supply-result-2025-bise-lahore"}}
{"id":"cache_miss_1782471775901","timestamp":"2026-06-26T11:02:55.901Z","type":"CACHE_MISS","operation":"posts:detail:matric-result-2025-bise-lahore","source":"database","duration":0,"data":{"slug":"matric-result-2025-bise-lahore"}}
{"id":"cache_hit_1782471775920","timestamp":"2026-06-26T11:02:55.920Z","type":"CACHE_HIT","operation":"posts:list:result:1000:0:{}","source":"cache","duration":985,"data":{"count":11,"type":"result","limit":1000,"offset":0}}
{"id":"db_1782471776130","timestamp":"2026-06-26T11:02:56.130Z","type":"DATABASE_QUERY","operation":"getDetail_iub-admission-2026","source":"database","duration":1709,"dataSize":1214,"data":{"found":true,"slug":"iub-admission-2026"}}
{"id":"cache_save_1782471776131","timestamp":"2026-06-26T11:02:56.131Z","type":"CACHE_SAVE","operation":"posts:detail:iub-admission-2026","source":"cache","duration":1710,"data":{"found":true,"ttl":"86400s"}}
{"id":"db_1782471776149","timestamp":"2026-06-26T11:02:56.150Z","type":"DATABASE_QUERY","operation":"getDetail_itu-admission-2026","source":"database","duration":1817,"dataSize":1192,"data":{"found":true,"slug":"itu-admission-2026"}}
{"id":"cache_save_1782471776150","timestamp":"2026-06-26T11:02:56.150Z","type":"CACHE_SAVE","operation":"posts:detail:itu-admission-2026","source":"cache","duration":1817,"data":{"found":true,"ttl":"86400s"}}
{"id":"db_1782471776300","timestamp":"2026-06-26T11:02:56.300Z","type":"DATABASE_QUERY","operation":"getList_blog_limit1000_offset0","source":"database","duration":1755,"dataSize":2,"data":{"count":0,"type":"blog","limit":1000,"offset":0}}
{"id":"cache_save_1782471776301","timestamp":"2026-06-26T11:02:56.301Z","type":"CACHE_SAVE","operation":"posts:list:blog:1000:0:{}","source":"cache","duration":1756,"data":{"count":0,"ttl":"86400s"}}
{"id":"db_1782471776517","timestamp":"2026-06-26T11:02:56.517Z","type":"DATABASE_QUERY","operation":"getDetail_pu-admission-2025","source":"database","duration":2039,"dataSize":1239,"data":{"found":true,"slug":"pu-admission-2025"}}
{"id":"db_1782471776516","timestamp":"2026-06-26T11:02:56.516Z","type":"DATABASE_QUERY","operation":"getDetail_inter-result-2025-bise-multan","source":"database","duration":1685,"dataSize":1006,"data":{"found":true,"slug":"inter-result-2025-bise-multan"}}
{"id":"cache_save_1782471776517","timestamp":"2026-06-26T11:02:56.517Z","type":"CACHE_SAVE","operation":"posts:detail:pu-admission-2025","source":"cache","duration":2039,"data":{"found":true,"ttl":"86400s"}}
{"id":"cache_save_1782471776517","timestamp":"2026-06-26T11:02:56.517Z","type":"CACHE_SAVE","operation":"posts:detail:inter-result-2025-bise-multan","source":"cache","duration":1686,"data":{"found":true,"ttl":"86400s"}}
{"id":"db_1782471776519","timestamp":"2026-06-26T11:02:56.519Z","type":"DATABASE_QUERY","operation":"getDetail_ba-result-2025-punjab-university","source":"database","duration":1706,"dataSize":1035,"data":{"found":true,"slug":"ba-result-2025-punjab-university"}}
{"id":"cache_save_1782471776520","timestamp":"2026-06-26T11:02:56.520Z","type":"CACHE_SAVE","operation":"posts:detail:ba-result-2025-punjab-university","source":"cache","duration":1707,"data":{"found":true,"ttl":"86400s"}}
{"id":"db_1782471776537","timestamp":"2026-06-26T11:02:56.537Z","type":"DATABASE_QUERY","operation":"getDetail_ue-admission-2026","source":"database","duration":2171,"dataSize":1185,"data":{"found":true,"slug":"ue-admission-2026"}}
{"id":"cache_save_1782471776538","timestamp":"2026-06-26T11:02:56.538Z","type":"CACHE_SAVE","operation":"posts:detail:ue-admission-2026","source":"cache","duration":2172,"data":{"found":true,"ttl":"86400s"}}
{"id":"db_1782471776540","timestamp":"2026-06-26T11:02:56.540Z","type":"DATABASE_QUERY","operation":"getDetail_bzu-admission-2026","source":"database","duration":2190,"dataSize":1177,"data":{"found":true,"slug":"bzu-admission-2026"}}
{"id":"cache_save_1782471776540","timestamp":"2026-06-26T11:02:56.540Z","type":"CACHE_SAVE","operation":"posts:detail:bzu-admission-2026","source":"cache","duration":2190,"data":{"found":true,"ttl":"86400s"}}
{"id":"db_1782471776592","timestamp":"2026-06-26T11:02:56.592Z","type":"DATABASE_QUERY","operation":"getDetail_inter-result-2025-bise-gujranwala","source":"database","duration":1747,"dataSize":1016,"data":{"found":true,"slug":"inter-result-2025-bise-gujranwala"}}
{"id":"cache_save_1782471776593","timestamp":"2026-06-26T11:02:56.593Z","type":"CACHE_SAVE","operation":"posts:detail:inter-result-2025-bise-gujranwala","source":"cache","duration":1748,"data":{"found":true,"ttl":"86400s"}}
{"id":"db_1782471776595","timestamp":"2026-06-26T11:02:56.595Z","type":"DATABASE_QUERY","operation":"getDetail_inter-result-2025-bise-sargodha","source":"database","duration":1706,"dataSize":1011,"data":{"found":true,"slug":"inter-result-2025-bise-sargodha"}}
{"id":"cache_save_1782471776596","timestamp":"2026-06-26T11:02:56.596Z","type":"CACHE_SAVE","operation":"posts:detail:inter-result-2025-bise-sargodha","source":"cache","duration":1707,"data":{"found":true,"ttl":"86400s"}}
{"id":"db_1782471776599","timestamp":"2026-06-26T11:02:56.599Z","type":"DATABASE_QUERY","operation":"getDetail_matric-supply-result-2025-bise-lahore","source":"database","duration":1697,"dataSize":1030,"data":{"found":true,"slug":"matric-supply-result-2025-bise-lahore"}}
{"id":"cache_save_1782471776599","timestamp":"2026-06-26T11:02:56.599Z","type":"CACHE_SAVE","operation":"posts:detail:matric-supply-result-2025-bise-lahore","source":"cache","duration":1697,"data":{"found":true,"ttl":"86400s"}}
{"id":"db_1782471776686","timestamp":"2026-06-26T11:02:56.686Z","type":"DATABASE_QUERY","operation":"getDetail_msc-result-2025-ku","source":"database","duration":1810,"dataSize":1015,"data":{"found":true,"slug":"msc-result-2025-ku"}}
{"id":"cache_save_1782471776686","timestamp":"2026-06-26T11:02:56.686Z","type":"CACHE_SAVE","operation":"posts:detail:msc-result-2025-ku","source":"cache","duration":1810,"data":{"found":true,"ttl":"86400s"}}
{"id":"db_1782471777487","timestamp":"2026-06-26T11:02:57.487Z","type":"DATABASE_QUERY","operation":"getDetail_matric-result-2025-bise-lahore","source":"database","duration":2624,"dataSize":1020,"data":{"found":true,"slug":"matric-result-2025-bise-lahore"}}
{"id":"cache_save_1782471777488","timestamp":"2026-06-26T11:02:57.488Z","type":"CACHE_SAVE","operation":"posts:detail:matric-result-2025-bise-lahore","source":"cache","duration":2625,"data":{"found":true,"ttl":"86400s"}}
{"id":"cache_miss_1782471777664","timestamp":"2026-06-26T11:02:57.664Z","type":"CACHE_MISS","operation":"posts:detail:matric-annual-exam-2026-bise-lahore","source":"database","duration":0,"data":{"slug":"matric-annual-exam-2026-bise-lahore"}}
{"id":"cache_miss_1782471777820","timestamp":"2026-06-26T11:02:57.820Z","type":"CACHE_MISS","operation":"posts:detail:ba-annual-exam-2026-pu","source":"database","duration":0,"data":{"slug":"ba-annual-exam-2026-pu"}}
{"id":"cache_miss_1782471777822","timestamp":"2026-06-26T11:02:57.822Z","type":"CACHE_MISS","operation":"posts:detail:inter-supply-exam-2025-bise-multan","source":"database","duration":0,"data":{"slug":"inter-supply-exam-2025-bise-multan"}}
{"id":"cache_miss_1782471777827","timestamp":"2026-06-26T11:02:57.827Z","type":"CACHE_MISS","operation":"posts:detail:matric-supply-exam-2025-bise-rawalpindi","source":"database","duration":0,"data":{"slug":"matric-supply-exam-2025-bise-rawalpindi"}}
{"id":"cache_miss_1782471778229","timestamp":"2026-06-26T11:02:58.229Z","type":"CACHE_MISS","operation":"posts:detail:matric-annual-exam-2026-bise-faisalabad","source":"database","duration":0,"data":{"slug":"matric-annual-exam-2026-bise-faisalabad"}}
{"id":"cache_miss_1782471778450","timestamp":"2026-06-26T11:02:58.450Z","type":"CACHE_MISS","operation":"posts:detail:peef-merit-scholarship-2026","source":"database","duration":0,"data":{"slug":"peef-merit-scholarship-2026"}}
{"id":"cache_miss_1782471778497","timestamp":"2026-06-26T11:02:58.497Z","type":"CACHE_MISS","operation":"posts:detail:lums-financial-aid","source":"database","duration":0,"data":{"slug":"lums-financial-aid"}}
{"id":"cache_miss_1782471778500","timestamp":"2026-06-26T11:02:58.500Z","type":"CACHE_MISS","operation":"posts:detail:inter-annual-exam-2026-bise-gujranwala","source":"database","duration":0,"data":{"slug":"inter-annual-exam-2026-bise-gujranwala"}}
{"id":"cache_miss_1782471778525","timestamp":"2026-06-26T11:02:58.525Z","type":"CACHE_MISS","operation":"posts:detail:daad-scholarship","source":"database","duration":0,"data":{"slug":"daad-scholarship"}}
{"id":"cache_hit_1782471778533","timestamp":"2026-06-26T11:02:58.533Z","type":"CACHE_HIT","operation":"posts:detail:inter-annual-exam-2026-bise-karachi","source":"cache","duration":1445,"data":{"slug":"inter-annual-exam-2026-bise-karachi"}}
{"id":"cache_miss_1782471778576","timestamp":"2026-06-26T11:02:58.576Z","type":"CACHE_MISS","operation":"posts:detail:commonwealth-scholarship","source":"database","duration":0,"data":{"slug":"commonwealth-scholarship"}}
{"id":"db_1782471778685","timestamp":"2026-06-26T11:02:58.685Z","type":"DATABASE_QUERY","operation":"getDetail_matric-annual-exam-2026-bise-lahore","source":"database","duration":1648,"dataSize":1084,"data":{"found":true,"slug":"matric-annual-exam-2026-bise-lahore"}}
{"id":"cache_save_1782471778686","timestamp":"2026-06-26T11:02:58.686Z","type":"CACHE_SAVE","operation":"posts:detail:matric-annual-exam-2026-bise-lahore","source":"cache","duration":1649,"data":{"found":true,"ttl":"86400s"}}
{"id":"db_1782471778811","timestamp":"2026-06-26T11:02:58.811Z","type":"DATABASE_QUERY","operation":"getDetail_ba-annual-exam-2026-pu","source":"database","duration":1649,"dataSize":1033,"data":{"found":true,"slug":"ba-annual-exam-2026-pu"}}
{"id":"cache_save_1782471778812","timestamp":"2026-06-26T11:02:58.812Z","type":"CACHE_SAVE","operation":"posts:detail:ba-annual-exam-2026-pu","source":"cache","duration":1650,"data":{"found":true,"ttl":"86400s"}}
{"id":"db_1782471778825","timestamp":"2026-06-26T11:02:58.825Z","type":"DATABASE_QUERY","operation":"getDetail_matric-supply-exam-2025-bise-rawalpindi","source":"database","duration":1713,"dataSize":1056,"data":{"found":true,"slug":"matric-supply-exam-2025-bise-rawalpindi"}}
{"id":"cache_save_1782471778826","timestamp":"2026-06-26T11:02:58.826Z","type":"CACHE_SAVE","operation":"posts:detail:matric-supply-exam-2025-bise-rawalpindi","source":"cache","duration":1714,"data":{"found":true,"ttl":"86400s"}}
{"id":"db_1782471778897","timestamp":"2026-06-26T11:02:58.897Z","type":"DATABASE_QUERY","operation":"getDetail_inter-supply-exam-2025-bise-multan","source":"database","duration":1762,"dataSize":1035,"data":{"found":true,"slug":"inter-supply-exam-2025-bise-multan"}}
{"id":"cache_save_1782471778898","timestamp":"2026-06-26T11:02:58.898Z","type":"CACHE_SAVE","operation":"posts:detail:inter-supply-exam-2025-bise-multan","source":"cache","duration":1763,"data":{"found":true,"ttl":"86400s"}}
{"id":"cache_miss_1782471778908","timestamp":"2026-06-26T11:02:58.908Z","type":"CACHE_MISS","operation":"posts:detail:akhuwat-scholarship","source":"database","duration":0,"data":{"slug":"akhuwat-scholarship"}}
{"id":"cache_miss_1782471778923","timestamp":"2026-06-26T11:02:58.923Z","type":"CACHE_MISS","operation":"posts:detail:fulbright-phd-scholarship","source":"database","duration":0,"data":{"slug":"fulbright-phd-scholarship"}}
{"id":"cache_miss_1782471778926","timestamp":"2026-06-26T11:02:58.926Z","type":"CACHE_MISS","operation":"posts:detail:british-council-great","source":"database","duration":0,"data":{"slug":"british-council-great"}}
{"id":"cache_miss_1782471778960","timestamp":"2026-06-26T11:02:58.960Z","type":"CACHE_MISS","operation":"posts:detail:nestle-scholarship","source":"database","duration":0,"data":{"slug":"nestle-scholarship"}}
{"id":"db_1782471779201","timestamp":"2026-06-26T11:02:59.201Z","type":"DATABASE_QUERY","operation":"getDetail_matric-annual-exam-2026-bise-faisalabad","source":"database","duration":2013,"dataSize":1046,"data":{"found":true,"slug":"matric-annual-exam-2026-bise-faisalabad"}}
{"id":"cache_save_1782471779202","timestamp":"2026-06-26T11:02:59.202Z","type":"CACHE_SAVE","operation":"posts:detail:matric-annual-exam-2026-bise-faisalabad","source":"cache","duration":2014,"data":{"found":true,"ttl":"86400s"}}
{"id":"db_1782471779450","timestamp":"2026-06-26T11:02:59.450Z","type":"DATABASE_QUERY","operation":"getDetail_peef-merit-scholarship-2026","source":"database","duration":1565,"dataSize":1108,"data":{"found":true,"slug":"peef-merit-scholarship-2026"}}
{"id":"cache_save_1782471779452","timestamp":"2026-06-26T11:02:59.452Z","type":"CACHE_SAVE","operation":"posts:detail:peef-merit-scholarship-2026","source":"cache","duration":1566,"data":{"found":true,"ttl":"86400s"}}
{"id":"db_1782471779499","timestamp":"2026-06-26T11:02:59.499Z","type":"DATABASE_QUERY","operation":"getDetail_lums-financial-aid","source":"database","duration":1566,"dataSize":1017,"data":{"found":true,"slug":"lums-financial-aid"}}
{"id":"cache_save_1782471779500","timestamp":"2026-06-26T11:02:59.500Z","type":"CACHE_SAVE","operation":"posts:detail:lums-financial-aid","source":"cache","duration":1567,"data":{"found":true,"ttl":"86400s"}}
{"id":"db_1782471779550","timestamp":"2026-06-26T11:02:59.550Z","type":"DATABASE_QUERY","operation":"getDetail_inter-annual-exam-2026-bise-gujranwala","source":"database","duration":2338,"dataSize":1046,"data":{"found":true,"slug":"inter-annual-exam-2026-bise-gujranwala"}}
{"id":"cache_save_1782471779551","timestamp":"2026-06-26T11:02:59.551Z","type":"CACHE_SAVE","operation":"posts:detail:inter-annual-exam-2026-bise-gujranwala","source":"cache","duration":2339,"data":{"found":true,"ttl":"86400s"}}
{"id":"db_1782471779584","timestamp":"2026-06-26T11:02:59.584Z","type":"DATABASE_QUERY","operation":"getDetail_commonwealth-scholarship","source":"database","duration":1592,"dataSize":1063,"data":{"found":true,"slug":"commonwealth-scholarship"}}
{"id":"cache_save_1782471779584","timestamp":"2026-06-26T11:02:59.584Z","type":"CACHE_SAVE","operation":"posts:detail:commonwealth-scholarship","source":"cache","duration":1592,"data":{"found":true,"ttl":"86400s"}}
{"id":"db_1782471779949","timestamp":"2026-06-26T11:02:59.949Z","type":"DATABASE_QUERY","operation":"getDetail_akhuwat-scholarship","source":"database","duration":1987,"dataSize":1037,"data":{"found":true,"slug":"akhuwat-scholarship"}}
{"id":"cache_save_1782471779950","timestamp":"2026-06-26T11:02:59.950Z","type":"CACHE_SAVE","operation":"posts:detail:akhuwat-scholarship","source":"cache","duration":1988,"data":{"found":true,"ttl":"86400s"}}
{"id":"db_1782471779969","timestamp":"2026-06-26T11:02:59.969Z","type":"DATABASE_QUERY","operation":"getDetail_daad-scholarship","source":"database","duration":2023,"dataSize":1033,"data":{"found":true,"slug":"daad-scholarship"}}
{"id":"cache_save_1782471779970","timestamp":"2026-06-26T11:02:59.970Z","type":"CACHE_SAVE","operation":"posts:detail:daad-scholarship","source":"cache","duration":2024,"data":{"found":true,"ttl":"86400s"}}
{"id":"db_1782471780009","timestamp":"2026-06-26T11:03:00.009Z","type":"DATABASE_QUERY","operation":"getDetail_fulbright-phd-scholarship","source":"database","duration":2090,"dataSize":1052,"data":{"found":true,"slug":"fulbright-phd-scholarship"}}
{"id":"cache_save_1782471780015","timestamp":"2026-06-26T11:03:00.015Z","type":"CACHE_SAVE","operation":"posts:detail:fulbright-phd-scholarship","source":"cache","duration":2096,"data":{"found":true,"ttl":"86400s"}}
{"id":"db_1782471780017","timestamp":"2026-06-26T11:03:00.018Z","type":"DATABASE_QUERY","operation":"getDetail_british-council-great","source":"database","duration":2112,"dataSize":1043,"data":{"found":true,"slug":"british-council-great"}}
{"id":"cache_save_1782471780018","timestamp":"2026-06-26T11:03:00.018Z","type":"CACHE_SAVE","operation":"posts:detail:british-council-great","source":"cache","duration":2112,"data":{"found":true,"ttl":"86400s"}}
{"id":"cache_miss_1782471780423","timestamp":"2026-06-26T11:03:00.423Z","type":"CACHE_MISS","operation":"posts:detail:matric-annual-exam-2026-bise-sargodha","source":"database","duration":0,"data":{"slug":"matric-annual-exam-2026-bise-sargodha"}}
{"id":"cache_miss_1782471780427","timestamp":"2026-06-26T11:03:00.427Z","type":"CACHE_MISS","operation":"posts:detail:msc-annual-exam-2026-ku","source":"database","duration":0,"data":{"slug":"msc-annual-exam-2026-ku"}}
{"id":"db_1782471780475","timestamp":"2026-06-26T11:03:00.475Z","type":"DATABASE_QUERY","operation":"getDetail_nestle-scholarship","source":"database","duration":2499,"dataSize":1020,"data":{"found":true,"slug":"nestle-scholarship"}}
{"id":"cache_save_1782471780476","timestamp":"2026-06-26T11:03:00.476Z","type":"CACHE_SAVE","operation":"posts:detail:nestle-scholarship","source":"cache","duration":2500,"data":{"found":true,"ttl":"86400s"}}
{"id":"cache_hit_1782471780596","timestamp":"2026-06-26T11:03:00.596Z","type":"CACHE_HIT","operation":"posts:detail:remote-web-developer","source":"cache","duration":812,"data":{"slug":"remote-web-developer"}}
{"id":"cache_miss_1782471780872","timestamp":"2026-06-26T11:03:00.872Z","type":"CACHE_MISS","operation":"posts:detail:inter-annual-exam-2026-bise-lahore","source":"database","duration":0,"data":{"slug":"inter-annual-exam-2026-bise-lahore"}}
{"id":"cache_miss_1782471780905","timestamp":"2026-06-26T11:03:00.905Z","type":"CACHE_MISS","operation":"posts:detail:mathematics-teacher-multan","source":"database","duration":0,"data":{"slug":"mathematics-teacher-multan"}}
{"id":"cache_hit_1782471781077","timestamp":"2026-06-26T11:03:01.077Z","type":"CACHE_HIT","operation":"posts:list:date_sheet:1000:0:{}","source":"cache","duration":1206,"data":{"count":10,"type":"date_sheet","limit":1000,"offset":0}}
{"id":"db_1782471781409","timestamp":"2026-06-26T11:03:01.409Z","type":"DATABASE_QUERY","operation":"getDetail_msc-annual-exam-2026-ku","source":"database","duration":1573,"dataSize":1040,"data":{"found":true,"slug":"msc-annual-exam-2026-ku"}}
{"id":"cache_save_1782471781410","timestamp":"2026-06-26T11:03:01.410Z","type":"CACHE_SAVE","operation":"posts:detail:msc-annual-exam-2026-ku","source":"cache","duration":1574,"data":{"found":true,"ttl":"86400s"}}
{"id":"db_1782471781446","timestamp":"2026-06-26T11:03:01.446Z","type":"DATABASE_QUERY","operation":"getDetail_matric-annual-exam-2026-bise-sargodha","source":"database","duration":1642,"dataSize":1034,"data":{"found":true,"slug":"matric-annual-exam-2026-bise-sargodha"}}
{"id":"cache_save_1782471781446","timestamp":"2026-06-26T11:03:01.446Z","type":"CACHE_SAVE","operation":"posts:detail:matric-annual-exam-2026-bise-sargodha","source":"cache","duration":1642,"data":{"found":true,"ttl":"86400s"}}
{"id":"cache_miss_1782471781661","timestamp":"2026-06-26T11:03:01.661Z","type":"CACHE_MISS","operation":"posts:detail:punjab-government-scholarship","source":"database","duration":0,"data":{"slug":"punjab-government-scholarship"}}
{"id":"db_1782471781935","timestamp":"2026-06-26T11:03:01.935Z","type":"DATABASE_QUERY","operation":"getDetail_inter-annual-exam-2026-bise-lahore","source":"database","duration":2115,"dataSize":1033,"data":{"found":true,"slug":"inter-annual-exam-2026-bise-lahore"}}
{"id":"cache_save_1782471781936","timestamp":"2026-06-26T11:03:01.936Z","type":"CACHE_SAVE","operation":"posts:detail:inter-annual-exam-2026-bise-lahore","source":"cache","duration":2116,"data":{"found":true,"ttl":"86400s"}}
{"id":"cache_miss_1782471781946","timestamp":"2026-06-26T11:03:01.946Z","type":"CACHE_MISS","operation":"posts:detail:hec-need-based-scholarship","source":"database","duration":0,"data":{"slug":"hec-need-based-scholarship"}}
{"id":"cache_miss_1782471781949","timestamp":"2026-06-26T11:03:01.949Z","type":"CACHE_MISS","operation":"posts:list:scholarship:1000:0:{}","source":"database","duration":0,"data":{"type":"scholarship","limit":1000,"offset":0}}
{"id":"db_1782471782245","timestamp":"2026-06-26T11:03:02.245Z","type":"DATABASE_QUERY","operation":"getDetail_mathematics-teacher-multan","source":"database","duration":2321,"dataSize":1528,"data":{"found":true,"slug":"mathematics-teacher-multan"}}
{"id":"cache_save_1782471782246","timestamp":"2026-06-26T11:03:02.246Z","type":"CACHE_SAVE","operation":"posts:detail:mathematics-teacher-multan","source":"cache","duration":2322,"data":{"found":true,"ttl":"86400s"}}
{"id":"db_1782471782722","timestamp":"2026-06-26T11:03:02.722Z","type":"DATABASE_QUERY","operation":"getDetail_punjab-government-scholarship","source":"database","duration":1801,"dataSize":1053,"data":{"found":true,"slug":"punjab-government-scholarship"}}
{"id":"cache_save_1782471782723","timestamp":"2026-06-26T11:03:02.723Z","type":"CACHE_SAVE","operation":"posts:detail:punjab-government-scholarship","source":"cache","duration":1802,"data":{"found":true,"ttl":"86400s"}}
{"id":"db_1782471782955","timestamp":"2026-06-26T11:03:02.955Z","type":"DATABASE_QUERY","operation":"getDetail_hec-need-based-scholarship","source":"database","duration":2012,"dataSize":1243,"data":{"found":true,"slug":"hec-need-based-scholarship"}}
{"id":"cache_save_1782471782956","timestamp":"2026-06-26T11:03:02.956Z","type":"CACHE_SAVE","operation":"posts:detail:hec-need-based-scholarship","source":"cache","duration":2013,"data":{"found":true,"ttl":"86400s"}}
{"id":"cache_miss_1782471783087","timestamp":"2026-06-26T11:03:03.087Z","type":"CACHE_MISS","operation":"posts:detail:admin-officer-faisalabad","source":"database","duration":0,"data":{"slug":"admin-officer-faisalabad"}}
{"id":"db_1782471783121","timestamp":"2026-06-26T11:03:03.121Z","type":"DATABASE_QUERY","operation":"getList_scholarship_limit1000_offset0","source":"database","duration":2154,"dataSize":5947,"data":{"count":11,"type":"scholarship","limit":1000,"offset":0}}
{"id":"cache_save_1782471783121","timestamp":"2026-06-26T11:03:03.121Z","type":"CACHE_SAVE","operation":"posts:list:scholarship:1000:0:{}","source":"cache","duration":2154,"data":{"count":11,"ttl":"86400s"}}
{"id":"cache_miss_1782471783144","timestamp":"2026-06-26T11:03:03.144Z","type":"CACHE_MISS","operation":"posts:detail:software-engineer-islamabad","source":"database","duration":0,"data":{"slug":"software-engineer-islamabad"}}
{"id":"cache_miss_1782471783164","timestamp":"2026-06-26T11:03:03.164Z","type":"CACHE_MISS","operation":"posts:detail:breaking-news-1","source":"database","duration":0,"data":{"slug":"breaking-news-1"}}
{"id":"cache_miss_1782471783584","timestamp":"2026-06-26T11:03:03.584Z","type":"CACHE_MISS","operation":"posts:detail:ffff","source":"database","duration":0,"data":{"slug":"ffff"}}
{"id":"cache_miss_1782471783652","timestamp":"2026-06-26T11:03:03.652Z","type":"CACHE_MISS","operation":"posts:detail:content-writer-education","source":"database","duration":0,"data":{"slug":"content-writer-education"}}
{"id":"cache_miss_1782471783796","timestamp":"2026-06-26T11:03:03.796Z","type":"CACHE_MISS","operation":"posts:detail:ddssaaa","source":"database","duration":0,"data":{"slug":"ddssaaa"}}
{"id":"db_1782471784034","timestamp":"2026-06-26T11:03:04.034Z","type":"DATABASE_QUERY","operation":"getDetail_admin-officer-faisalabad","source":"database","duration":1529,"dataSize":1504,"data":{"found":true,"slug":"admin-officer-faisalabad"}}
{"id":"cache_save_1782471784034","timestamp":"2026-06-26T11:03:04.034Z","type":"CACHE_SAVE","operation":"posts:detail:admin-officer-faisalabad","source":"cache","duration":1529,"data":{"found":true,"ttl":"86400s"}}
{"id":"db_1782471784214","timestamp":"2026-06-26T11:03:04.214Z","type":"DATABASE_QUERY","operation":"getDetail_software-engineer-islamabad","source":"database","duration":1681,"dataSize":1438,"data":{"found":true,"slug":"software-engineer-islamabad"}}
{"id":"cache_save_1782471784214","timestamp":"2026-06-26T11:03:04.214Z","type":"CACHE_SAVE","operation":"posts:detail:software-engineer-islamabad","source":"cache","duration":1681,"data":{"found":true,"ttl":"86400s"}}
{"id":"cache_miss_1782471784262","timestamp":"2026-06-26T11:03:04.262Z","type":"CACHE_MISS","operation":"posts:detail:hr-manager-lahore","source":"database","duration":0,"data":{"slug":"hr-manager-lahore"}}
{"id":"db_1782471784628","timestamp":"2026-06-26T11:03:04.628Z","type":"DATABASE_QUERY","operation":"getDetail_breaking-news-1","source":"database","duration":2019,"dataSize":910,"data":{"found":true,"slug":"breaking-news-1"}}
{"id":"cache_save_1782471784629","timestamp":"2026-06-26T11:03:04.629Z","type":"CACHE_SAVE","operation":"posts:detail:breaking-news-1","source":"cache","duration":2020,"data":{"found":true,"ttl":"86400s"}}
{"id":"db_1782471784630","timestamp":"2026-06-26T11:03:04.630Z","type":"DATABASE_QUERY","operation":"getDetail_ffff","source":"database","duration":2007,"dataSize":831,"data":{"found":true,"slug":"ffff"}}
{"id":"cache_save_1782471784631","timestamp":"2026-06-26T11:03:04.631Z","type":"CACHE_SAVE","operation":"posts:detail:ffff","source":"cache","duration":2008,"data":{"found":true,"ttl":"86400s"}}
{"id":"cache_hit_1782471784637","timestamp":"2026-06-26T11:03:04.637Z","type":"CACHE_HIT","operation":"posts:list:news:10:0:{}","source":"cache","duration":1,"data":{"count":10,"type":"news","limit":10,"offset":0}}
{"id":"cache_hit_1782471784692","timestamp":"2026-06-26T11:03:04.692Z","type":"CACHE_HIT","operation":"posts:list:job:1000:0:{}","source":"cache","duration":2131,"data":{"count":6,"type":"job","limit":1000,"offset":0}}
{"id":"db_1782471784709","timestamp":"2026-06-26T11:03:04.709Z","type":"DATABASE_QUERY","operation":"getDetail_content-writer-education","source":"database","duration":2190,"dataSize":1617,"data":{"found":true,"slug":"content-writer-education"}}
{"id":"cache_save_1782471784710","timestamp":"2026-06-26T11:03:04.710Z","type":"CACHE_SAVE","operation":"posts:detail:content-writer-education","source":"cache","duration":2191,"data":{"found":true,"ttl":"86400s"}}
{"id":"db_1782471784779","timestamp":"2026-06-26T11:03:04.779Z","type":"DATABASE_QUERY","operation":"getDetail_ddssaaa","source":"database","duration":2188,"dataSize":2436,"data":{"found":true,"slug":"ddssaaa"}}
{"id":"cache_save_1782471784780","timestamp":"2026-06-26T11:03:04.780Z","type":"CACHE_SAVE","operation":"posts:detail:ddssaaa","source":"cache","duration":2189,"data":{"found":true,"ttl":"86400s"}}
{"id":"db_1782471785197","timestamp":"2026-06-26T11:03:05.197Z","type":"DATABASE_QUERY","operation":"getDetail_hr-manager-lahore","source":"database","duration":2626,"dataSize":1425,"data":{"found":true,"slug":"hr-manager-lahore"}}
{"id":"cache_save_1782471785197","timestamp":"2026-06-26T11:03:05.197Z","type":"CACHE_SAVE","operation":"posts:detail:hr-manager-lahore","source":"cache","duration":2626,"data":{"found":true,"ttl":"86400s"}}
{"id":"cache_miss_1782471786025","timestamp":"2026-06-26T11:03:06.025Z","type":"CACHE_MISS","operation":"posts:detail:digital-learning-initiative","source":"database","duration":0,"data":{"slug":"digital-learning-initiative"}}
{"id":"cache_miss_1782471786206","timestamp":"2026-06-26T11:03:06.206Z","type":"CACHE_MISS","operation":"posts:detail:international-scholarship","source":"database","duration":0,"data":{"slug":"international-scholarship"}}
{"id":"cache_miss_1782471786716","timestamp":"2026-06-26T11:03:06.716Z","type":"CACHE_MISS","operation":"posts:detail:teacher-recruitment-2026","source":"database","duration":0,"data":{"slug":"teacher-recruitment-2026"}}
{"id":"cache_miss_1782471786796","timestamp":"2026-06-26T11:03:06.796Z","type":"CACHE_MISS","operation":"posts:detail:exam-policy-changes","source":"database","duration":0,"data":{"slug":"exam-policy-changes"}}
{"id":"cache_hit_1782471787205","timestamp":"2026-06-26T11:03:07.205Z","type":"CACHE_HIT","operation":"posts:detail:breaking-news-2","source":"cache","duration":1824,"data":{"slug":"breaking-news-2"}}
{"id":"db_1782471787418","timestamp":"2026-06-26T11:03:07.418Z","type":"DATABASE_QUERY","operation":"getDetail_digital-learning-initiative","source":"database","duration":2010,"dataSize":993,"data":{"found":true,"slug":"digital-learning-initiative"}}
{"id":"cache_save_1782471787419","timestamp":"2026-06-26T11:03:07.419Z","type":"CACHE_SAVE","operation":"posts:detail:digital-learning-initiative","source":"cache","duration":2011,"data":{"found":true,"ttl":"86400s"}}
{"id":"db_1782471787816","timestamp":"2026-06-26T11:03:07.816Z","type":"DATABASE_QUERY","operation":"getDetail_international-scholarship","source":"database","duration":2380,"dataSize":1006,"data":{"found":true,"slug":"international-scholarship"}}
{"id":"cache_save_1782471787818","timestamp":"2026-06-26T11:03:07.818Z","type":"CACHE_SAVE","operation":"posts:detail:international-scholarship","source":"cache","duration":2382,"data":{"found":true,"ttl":"86400s"}}
{"id":"db_1782471787854","timestamp":"2026-06-26T11:03:07.854Z","type":"DATABASE_QUERY","operation":"getDetail_teacher-recruitment-2026","source":"database","duration":2431,"dataSize":979,"data":{"found":true,"slug":"teacher-recruitment-2026"}}
{"id":"cache_save_1782471787854","timestamp":"2026-06-26T11:03:07.854Z","type":"CACHE_SAVE","operation":"posts:detail:teacher-recruitment-2026","source":"cache","duration":2431,"data":{"found":true,"ttl":"86400s"}}
{"id":"db_1782471788423","timestamp":"2026-06-26T11:03:08.423Z","type":"DATABASE_QUERY","operation":"getDetail_exam-policy-changes","source":"database","duration":3027,"dataSize":957,"data":{"found":true,"slug":"exam-policy-changes"}}
{"id":"cache_save_1782471788424","timestamp":"2026-06-26T11:03:08.424Z","type":"CACHE_SAVE","operation":"posts:detail:exam-policy-changes","source":"cache","duration":3028,"data":{"found":true,"ttl":"86400s"}}
